[{"__symbolic":"module","version":3,"metadata":{"FileUpload":{"__symbolic":"class","decorators":[{"__symbolic":"call","expression":{"__symbolic":"reference","module":"@angular/core","name":"Component"},"arguments":[{"selector":"p-fileUpload","template":"\n        <div [ngClass]=\"'ui-fileupload ui-widget'\" [ngStyle]=\"style\" [class]=\"styleClass\" *ngIf=\"mode === 'advanced'\">\n            <div class=\"ui-fileupload-buttonbar ui-widget-header ui-corner-top\">\n                <span class=\"ui-fileupload-choose\" [label]=\"chooseLabel\" icon=\"fa-plus\" pButton  [ngClass]=\"{'ui-state-focus': focus}\" [attr.disabled]=\"disabled\" > \n                    <input #advancedfileinput type=\"file\" (change)=\"onFileSelect($event)\" [multiple]=\"multiple\" [accept]=\"accept\" [disabled]=\"disabled\" (focus)=\"onFocus()\" (blur)=\"onBlur()\">\n                </span>\n\n                <button *ngIf=\"!auto&&showUploadButton\" type=\"button\" [label]=\"uploadLabel\" icon=\"fa-upload\" pButton (click)=\"upload()\" [disabled]=\"!hasFiles()\"></button>\n                <button *ngIf=\"!auto&&showCancelButton\" type=\"button\" [label]=\"cancelLabel\" icon=\"fa-close\" pButton (click)=\"clear()\" [disabled]=\"!hasFiles()\"></button>\n            \n                <p-templateLoader [template]=\"toolbarTemplate\"></p-templateLoader>\n            </div>\n            <div #content [ngClass]=\"{'ui-fileupload-content ui-widget-content ui-corner-bottom':true}\" \n                (dragenter)=\"onDragEnter($event)\" (dragleave)=\"onDragLeave($event)\" (drop)=\"onDrop($event)\">\n                <p-progressBar [value]=\"progress\" [showValue]=\"false\" *ngIf=\"hasFiles()\"></p-progressBar>\n                \n                <p-messages [value]=\"msgs\"></p-messages>\n                \n                <div class=\"ui-fileupload-files\" *ngIf=\"hasFiles()\">\n                    <div *ngIf=\"!fileTemplate\">\n                        <div class=\"ui-fileupload-row\" *ngFor=\"let file of files; let i = index;\">\n                            <div><img [src]=\"file.objectURL\" *ngIf=\"isImage(file)\" [width]=\"previewWidth\" /></div>\n                            <div>{{file.name}}</div>\n                            <div>{{formatSize(file.size)}}</div>\n                            <div><button type=\"button\" icon=\"fa-close\" pButton (click)=\"remove($event,i)\"></button></div>\n                        </div>\n                    </div>\n                    <div *ngIf=\"fileTemplate\">\n                        <ng-template ngFor [ngForOf]=\"files\" [ngForTemplate]=\"fileTemplate\"></ng-template>\n                    </div>\n                </div>\n                <p-templateLoader [template]=\"contentTemplate\"></p-templateLoader>\n            </div>\n        </div>\n        <span class=\"ui-button ui-fileupload-choose ui-widget ui-state-default ui-corner-all ui-button-text-icon-left\" *ngIf=\"mode === 'basic'\" \n        (mouseup)=\"onSimpleUploaderClick($event)\"\n        [ngClass]=\"{'ui-fileupload-choose-selected': hasFiles(),'ui-state-focus': focus}\">\n            <span class=\"ui-button-icon-left fa\" [ngClass]=\"{'fa-plus': !hasFiles()||auto, 'fa-upload': hasFiles()&&!auto}\"></span>\n            <span class=\"ui-button-text ui-clickable\">{{auto ? chooseLabel : hasFiles() ? files[0].name : chooseLabel}}</span>\n            <input #basicfileinput type=\"file\" [accept]=\"accept\" [multiple]=\"multiple\" [disabled]=\"disabled\"\n                (change)=\"onFileSelect($event)\" *ngIf=\"!hasFiles()\" (focus)=\"onFocus()\" (blur)=\"onBlur()\">\n        </span>\n    ","providers":[{"__symbolic":"reference","module":"../dom/domhandler","name":"DomHandler"}]}]}],"members":{"name":[{"__symbolic":"property","decorators":[{"__symbolic":"call","expression":{"__symbolic":"reference","module":"@angular/core","name":"Input"}}]}],"url":[{"__symbolic":"property","decorators":[{"__symbolic":"call","expression":{"__symbolic":"reference","module":"@angular/core","name":"Input"}}]}],"method":[{"__symbolic":"property","decorators":[{"__symbolic":"call","expression":{"__symbolic":"reference","module":"@angular/core","name":"Input"}}]}],"multiple":[{"__symbolic":"property","decorators":[{"__symbolic":"call","expression":{"__symbolic":"reference","module":"@angular/core","name":"Input"}}]}],"accept":[{"__symbolic":"property","decorators":[{"__symbolic":"call","expression":{"__symbolic":"reference","module":"@angular/core","name":"Input"}}]}],"disabled":[{"__symbolic":"property","decorators":[{"__symbolic":"call","expression":{"__symbolic":"reference","module":"@angular/core","name":"Input"}}]}],"auto":[{"__symbolic":"property","decorators":[{"__symbolic":"call","expression":{"__symbolic":"reference","module":"@angular/core","name":"Input"}}]}],"withCredentials":[{"__symbolic":"property","decorators":[{"__symbolic":"call","expression":{"__symbolic":"reference","module":"@angular/core","name":"Input"}}]}],"maxFileSize":[{"__symbolic":"property","decorators":[{"__symbolic":"call","expression":{"__symbolic":"reference","module":"@angular/core","name":"Input"}}]}],"invalidFileSizeMessageSummary":[{"__symbolic":"property","decorators":[{"__symbolic":"call","expression":{"__symbolic":"reference","module":"@angular/core","name":"Input"}}]}],"invalidFileSizeMessageDetail":[{"__symbolic":"property","decorators":[{"__symbolic":"call","expression":{"__symbolic":"reference","module":"@angular/core","name":"Input"}}]}],"invalidFileTypeMessageSummary":[{"__symbolic":"property","decorators":[{"__symbolic":"call","expression":{"__symbolic":"reference","module":"@angular/core","name":"Input"}}]}],"invalidFileTypeMessageDetail":[{"__symbolic":"property","decorators":[{"__symbolic":"call","expression":{"__symbolic":"reference","module":"@angular/core","name":"Input"}}]}],"style":[{"__symbolic":"property","decorators":[{"__symbolic":"call","expression":{"__symbolic":"reference","module":"@angular/core","name":"Input"}}]}],"styleClass":[{"__symbolic":"property","decorators":[{"__symbolic":"call","expression":{"__symbolic":"reference","module":"@angular/core","name":"Input"}}]}],"previewWidth":[{"__symbolic":"property","decorators":[{"__symbolic":"call","expression":{"__symbolic":"reference","module":"@angular/core","name":"Input"}}]}],"chooseLabel":[{"__symbolic":"property","decorators":[{"__symbolic":"call","expression":{"__symbolic":"reference","module":"@angular/core","name":"Input"}}]}],"uploadLabel":[{"__symbolic":"property","decorators":[{"__symbolic":"call","expression":{"__symbolic":"reference","module":"@angular/core","name":"Input"}}]}],"cancelLabel":[{"__symbolic":"property","decorators":[{"__symbolic":"call","expression":{"__symbolic":"reference","module":"@angular/core","name":"Input"}}]}],"showUploadButton":[{"__symbolic":"property","decorators":[{"__symbolic":"call","expression":{"__symbolic":"reference","module":"@angular/core","name":"Input"}}]}],"showCancelButton":[{"__symbolic":"property","decorators":[{"__symbolic":"call","expression":{"__symbolic":"reference","module":"@angular/core","name":"Input"}}]}],"mode":[{"__symbolic":"property","decorators":[{"__symbolic":"call","expression":{"__symbolic":"reference","module":"@angular/core","name":"Input"}}]}],"customUpload":[{"__symbolic":"property","decorators":[{"__symbolic":"call","expression":{"__symbolic":"reference","module":"@angular/core","name":"Input"}}]}],"onBeforeUpload":[{"__symbolic":"property","decorators":[{"__symbolic":"call","expression":{"__symbolic":"reference","module":"@angular/core","name":"Output"}}]}],"onBeforeSend":[{"__symbolic":"property","decorators":[{"__symbolic":"call","expression":{"__symbolic":"reference","module":"@angular/core","name":"Output"}}]}],"onUpload":[{"__symbolic":"property","decorators":[{"__symbolic":"call","expression":{"__symbolic":"reference","module":"@angular/core","name":"Output"}}]}],"onError":[{"__symbolic":"property","decorators":[{"__symbolic":"call","expression":{"__symbolic":"reference","module":"@angular/core","name":"Output"}}]}],"onClear":[{"__symbolic":"property","decorators":[{"__symbolic":"call","expression":{"__symbolic":"reference","module":"@angular/core","name":"Output"}}]}],"onRemove":[{"__symbolic":"property","decorators":[{"__symbolic":"call","expression":{"__symbolic":"reference","module":"@angular/core","name":"Output"}}]}],"onSelect":[{"__symbolic":"property","decorators":[{"__symbolic":"call","expression":{"__symbolic":"reference","module":"@angular/core","name":"Output"}}]}],"onProgress":[{"__symbolic":"property","decorators":[{"__symbolic":"call","expression":{"__symbolic":"reference","module":"@angular/core","name":"Output"}}]}],"uploadHandler":[{"__symbolic":"property","decorators":[{"__symbolic":"call","expression":{"__symbolic":"reference","module":"@angular/core","name":"Output"}}]}],"templates":[{"__symbolic":"property","decorators":[{"__symbolic":"call","expression":{"__symbolic":"reference","module":"@angular/core","name":"ContentChildren"},"arguments":[{"__symbolic":"reference","module":"../common/shared","name":"PrimeTemplate"}]}]}],"advancedFileInput":[{"__symbolic":"property","decorators":[{"__symbolic":"call","expression":{"__symbolic":"reference","module":"@angular/core","name":"ViewChild"},"arguments":["advancedfileinput"]}]}],"basicFileInput":[{"__symbolic":"property","decorators":[{"__symbolic":"call","expression":{"__symbolic":"reference","module":"@angular/core","name":"ViewChild"},"arguments":["basicfileinput"]}]}],"content":[{"__symbolic":"property","decorators":[{"__symbolic":"call","expression":{"__symbolic":"reference","module":"@angular/core","name":"ViewChild"},"arguments":["content"]}]}],"files":[{"__symbolic":"property","decorators":[{"__symbolic":"call","expression":{"__symbolic":"reference","module":"@angular/core","name":"Input"}}]}],"__ctor__":[{"__symbolic":"constructor","parameters":[{"__symbolic":"reference","module":"../dom/domhandler","name":"DomHandler"},{"__symbolic":"reference","module":"@angular/platform-browser","name":"DomSanitizer"},{"__symbolic":"reference","module":"@angular/core","name":"NgZone"}]}],"ngOnInit":[{"__symbolic":"method"}],"ngAfterContentInit":[{"__symbolic":"method"}],"ngAfterViewInit":[{"__symbolic":"method"}],"onFileSelect":[{"__symbolic":"method"}],"isFileSelected":[{"__symbolic":"method"}],"isIE11":[{"__symbolic":"method"}],"validate":[{"__symbolic":"method"}],"isFileTypeValid":[{"__symbolic":"method"}],"getTypeClass":[{"__symbolic":"method"}],"isWildcard":[{"__symbolic":"method"}],"getFileExtension":[{"__symbolic":"method"}],"isImage":[{"__symbolic":"method"}],"onImageLoad":[{"__symbolic":"method"}],"upload":[{"__symbolic":"method"}],"clear":[{"__symbolic":"method"}],"remove":[{"__symbolic":"method"}],"clearInputElement":[{"__symbolic":"method"}],"hasFiles":[{"__symbolic":"method"}],"onDragEnter":[{"__symbolic":"method"}],"onDragOver":[{"__symbolic":"method"}],"onDragLeave":[{"__symbolic":"method"}],"onDrop":[{"__symbolic":"method"}],"onFocus":[{"__symbolic":"method"}],"onBlur":[{"__symbolic":"method"}],"formatSize":[{"__symbolic":"method"}],"onSimpleUploaderClick":[{"__symbolic":"method"}],"ngOnDestroy":[{"__symbolic":"method"}]}},"FileUploadModule":{"__symbolic":"class","decorators":[{"__symbolic":"call","expression":{"__symbolic":"reference","module":"@angular/core","name":"NgModule"},"arguments":[{"imports":[{"__symbolic":"reference","module":"@angular/common","name":"CommonModule"},{"__symbolic":"reference","module":"../common/shared","name":"SharedModule"},{"__symbolic":"reference","module":"../button/button","name":"ButtonModule"},{"__symbolic":"reference","module":"../progressbar/progressbar","name":"ProgressBarModule"},{"__symbolic":"reference","module":"../messages/messages","name":"MessagesModule"}],"exports":[{"__symbolic":"reference","name":"FileUpload"},{"__symbolic":"reference","module":"../common/shared","name":"SharedModule"},{"__symbolic":"reference","module":"../button/button","name":"ButtonModule"},{"__symbolic":"reference","module":"../progressbar/progressbar","name":"ProgressBarModule"},{"__symbolic":"reference","module":"../messages/messages","name":"MessagesModule"}],"declarations":[{"__symbolic":"reference","name":"FileUpload"}]}]}]}}},{"__symbolic":"module","version":1,"metadata":{"FileUpload":{"__symbolic":"class","decorators":[{"__symbolic":"call","expression":{"__symbolic":"reference","module":"@angular/core","name":"Component"},"arguments":[{"selector":"p-fileUpload","template":"\n        <div [ngClass]=\"'ui-fileupload ui-widget'\" [ngStyle]=\"style\" [class]=\"styleClass\" *ngIf=\"mode === 'advanced'\">\n            <div class=\"ui-fileupload-buttonbar ui-widget-header ui-corner-top\">\n                <span class=\"ui-fileupload-choose\" [label]=\"chooseLabel\" icon=\"fa-plus\" pButton  [ngClass]=\"{'ui-state-focus': focus}\" [attr.disabled]=\"disabled\" > \n                    <input #advancedfileinput type=\"file\" (change)=\"onFileSelect($event)\" [multiple]=\"multiple\" [accept]=\"accept\" [disabled]=\"disabled\" (focus)=\"onFocus()\" (blur)=\"onBlur()\">\n                </span>\n\n                <button *ngIf=\"!auto&&showUploadButton\" type=\"button\" [label]=\"uploadLabel\" icon=\"fa-upload\" pButton (click)=\"upload()\" [disabled]=\"!hasFiles()\"></button>\n                <button *ngIf=\"!auto&&showCancelButton\" type=\"button\" [label]=\"cancelLabel\" icon=\"fa-close\" pButton (click)=\"clear()\" [disabled]=\"!hasFiles()\"></button>\n            \n                <p-templateLoader [template]=\"toolbarTemplate\"></p-templateLoader>\n            </div>\n            <div #content [ngClass]=\"{'ui-fileupload-content ui-widget-content ui-corner-bottom':true}\" \n                (dragenter)=\"onDragEnter($event)\" (dragleave)=\"onDragLeave($event)\" (drop)=\"onDrop($event)\">\n                <p-progressBar [value]=\"progress\" [showValue]=\"false\" *ngIf=\"hasFiles()\"></p-progressBar>\n                \n                <p-messages [value]=\"msgs\"></p-messages>\n                \n                <div class=\"ui-fileupload-files\" *ngIf=\"hasFiles()\">\n                    <div *ngIf=\"!fileTemplate\">\n                        <div class=\"ui-fileupload-row\" *ngFor=\"let file of files; let i = index;\">\n                            <div><img [src]=\"file.objectURL\" *ngIf=\"isImage(file)\" [width]=\"previewWidth\" /></div>\n                            <div>{{file.name}}</div>\n                            <div>{{formatSize(file.size)}}</div>\n                            <div><button type=\"button\" icon=\"fa-close\" pButton (click)=\"remove($event,i)\"></button></div>\n                        </div>\n                    </div>\n                    <div *ngIf=\"fileTemplate\">\n                        <ng-template ngFor [ngForOf]=\"files\" [ngForTemplate]=\"fileTemplate\"></ng-template>\n                    </div>\n                </div>\n                <p-templateLoader [template]=\"contentTemplate\"></p-templateLoader>\n            </div>\n        </div>\n        <span class=\"ui-button ui-fileupload-choose ui-widget ui-state-default ui-corner-all ui-button-text-icon-left\" *ngIf=\"mode === 'basic'\" \n        (mouseup)=\"onSimpleUploaderClick($event)\"\n        [ngClass]=\"{'ui-fileupload-choose-selected': hasFiles(),'ui-state-focus': focus}\">\n            <span class=\"ui-button-icon-left fa\" [ngClass]=\"{'fa-plus': !hasFiles()||auto, 'fa-upload': hasFiles()&&!auto}\"></span>\n            <span class=\"ui-button-text ui-clickable\">{{auto ? chooseLabel : hasFiles() ? files[0].name : chooseLabel}}</span>\n            <input #basicfileinput type=\"file\" [accept]=\"accept\" [multiple]=\"multiple\" [disabled]=\"disabled\"\n                (change)=\"onFileSelect($event)\" *ngIf=\"!hasFiles()\" (focus)=\"onFocus()\" (blur)=\"onBlur()\">\n        </span>\n    ","providers":[{"__symbolic":"reference","module":"../dom/domhandler","name":"DomHandler"}]}]}],"members":{"name":[{"__symbolic":"property","decorators":[{"__symbolic":"call","expression":{"__symbolic":"reference","module":"@angular/core","name":"Input"}}]}],"url":[{"__symbolic":"property","decorators":[{"__symbolic":"call","expression":{"__symbolic":"reference","module":"@angular/core","name":"Input"}}]}],"method":[{"__symbolic":"property","decorators":[{"__symbolic":"call","expression":{"__symbolic":"reference","module":"@angular/core","name":"Input"}}]}],"multiple":[{"__symbolic":"property","decorators":[{"__symbolic":"call","expression":{"__symbolic":"reference","module":"@angular/core","name":"Input"}}]}],"accept":[{"__symbolic":"property","decorators":[{"__symbolic":"call","expression":{"__symbolic":"reference","module":"@angular/core","name":"Input"}}]}],"disabled":[{"__symbolic":"property","decorators":[{"__symbolic":"call","expression":{"__symbolic":"reference","module":"@angular/core","name":"Input"}}]}],"auto":[{"__symbolic":"property","decorators":[{"__symbolic":"call","expression":{"__symbolic":"reference","module":"@angular/core","name":"Input"}}]}],"withCredentials":[{"__symbolic":"property","decorators":[{"__symbolic":"call","expression":{"__symbolic":"reference","module":"@angular/core","name":"Input"}}]}],"maxFileSize":[{"__symbolic":"property","decorators":[{"__symbolic":"call","expression":{"__symbolic":"reference","module":"@angular/core","name":"Input"}}]}],"invalidFileSizeMessageSummary":[{"__symbolic":"property","decorators":[{"__symbolic":"call","expression":{"__symbolic":"reference","module":"@angular/core","name":"Input"}}]}],"invalidFileSizeMessageDetail":[{"__symbolic":"property","decorators":[{"__symbolic":"call","expression":{"__symbolic":"reference","module":"@angular/core","name":"Input"}}]}],"invalidFileTypeMessageSummary":[{"__symbolic":"property","decorators":[{"__symbolic":"call","expression":{"__symbolic":"reference","module":"@angular/core","name":"Input"}}]}],"invalidFileTypeMessageDetail":[{"__symbolic":"property","decorators":[{"__symbolic":"call","expression":{"__symbolic":"reference","module":"@angular/core","name":"Input"}}]}],"style":[{"__symbolic":"property","decorators":[{"__symbolic":"call","expression":{"__symbolic":"reference","module":"@angular/core","name":"Input"}}]}],"styleClass":[{"__symbolic":"property","decorators":[{"__symbolic":"call","expression":{"__symbolic":"reference","module":"@angular/core","name":"Input"}}]}],"previewWidth":[{"__symbolic":"property","decorators":[{"__symbolic":"call","expression":{"__symbolic":"reference","module":"@angular/core","name":"Input"}}]}],"chooseLabel":[{"__symbolic":"property","decorators":[{"__symbolic":"call","expression":{"__symbolic":"reference","module":"@angular/core","name":"Input"}}]}],"uploadLabel":[{"__symbolic":"property","decorators":[{"__symbolic":"call","expression":{"__symbolic":"reference","module":"@angular/core","name":"Input"}}]}],"cancelLabel":[{"__symbolic":"property","decorators":[{"__symbolic":"call","expression":{"__symbolic":"reference","module":"@angular/core","name":"Input"}}]}],"showUploadButton":[{"__symbolic":"property","decorators":[{"__symbolic":"call","expression":{"__symbolic":"reference","module":"@angular/core","name":"Input"}}]}],"showCancelButton":[{"__symbolic":"property","decorators":[{"__symbolic":"call","expression":{"__symbolic":"reference","module":"@angular/core","name":"Input"}}]}],"mode":[{"__symbolic":"property","decorators":[{"__symbolic":"call","expression":{"__symbolic":"reference","module":"@angular/core","name":"Input"}}]}],"customUpload":[{"__symbolic":"property","decorators":[{"__symbolic":"call","expression":{"__symbolic":"reference","module":"@angular/core","name":"Input"}}]}],"onBeforeUpload":[{"__symbolic":"property","decorators":[{"__symbolic":"call","expression":{"__symbolic":"reference","module":"@angular/core","name":"Output"}}]}],"onBeforeSend":[{"__symbolic":"property","decorators":[{"__symbolic":"call","expression":{"__symbolic":"reference","module":"@angular/core","name":"Output"}}]}],"onUpload":[{"__symbolic":"property","decorators":[{"__symbolic":"call","expression":{"__symbolic":"reference","module":"@angular/core","name":"Output"}}]}],"onError":[{"__symbolic":"property","decorators":[{"__symbolic":"call","expression":{"__symbolic":"reference","module":"@angular/core","name":"Output"}}]}],"onClear":[{"__symbolic":"property","decorators":[{"__symbolic":"call","expression":{"__symbolic":"reference","module":"@angular/core","name":"Output"}}]}],"onRemove":[{"__symbolic":"property","decorators":[{"__symbolic":"call","expression":{"__symbolic":"reference","module":"@angular/core","name":"Output"}}]}],"onSelect":[{"__symbolic":"property","decorators":[{"__symbolic":"call","expression":{"__symbolic":"reference","module":"@angular/core","name":"Output"}}]}],"onProgress":[{"__symbolic":"property","decorators":[{"__symbolic":"call","expression":{"__symbolic":"reference","module":"@angular/core","name":"Output"}}]}],"uploadHandler":[{"__symbolic":"property","decorators":[{"__symbolic":"call","expression":{"__symbolic":"reference","module":"@angular/core","name":"Output"}}]}],"templates":[{"__symbolic":"property","decorators":[{"__symbolic":"call","expression":{"__symbolic":"reference","module":"@angular/core","name":"ContentChildren"},"arguments":[{"__symbolic":"reference","module":"../common/shared","name":"PrimeTemplate"}]}]}],"advancedFileInput":[{"__symbolic":"property","decorators":[{"__symbolic":"call","expression":{"__symbolic":"reference","module":"@angular/core","name":"ViewChild"},"arguments":["advancedfileinput"]}]}],"basicFileInput":[{"__symbolic":"property","decorators":[{"__symbolic":"call","expression":{"__symbolic":"reference","module":"@angular/core","name":"ViewChild"},"arguments":["basicfileinput"]}]}],"content":[{"__symbolic":"property","decorators":[{"__symbolic":"call","expression":{"__symbolic":"reference","module":"@angular/core","name":"ViewChild"},"arguments":["content"]}]}],"files":[{"__symbolic":"property","decorators":[{"__symbolic":"call","expression":{"__symbolic":"reference","module":"@angular/core","name":"Input"}}]}],"__ctor__":[{"__symbolic":"constructor","parameters":[{"__symbolic":"reference","module":"../dom/domhandler","name":"DomHandler"},{"__symbolic":"reference","module":"@angular/platform-browser","name":"DomSanitizer"},{"__symbolic":"reference","module":"@angular/core","name":"NgZone"}]}],"ngOnInit":[{"__symbolic":"method"}],"ngAfterContentInit":[{"__symbolic":"method"}],"ngAfterViewInit":[{"__symbolic":"method"}],"onFileSelect":[{"__symbolic":"method"}],"isFileSelected":[{"__symbolic":"method"}],"isIE11":[{"__symbolic":"method"}],"validate":[{"__symbolic":"method"}],"isFileTypeValid":[{"__symbolic":"method"}],"getTypeClass":[{"__symbolic":"method"}],"isWildcard":[{"__symbolic":"method"}],"getFileExtension":[{"__symbolic":"method"}],"isImage":[{"__symbolic":"method"}],"onImageLoad":[{"__symbolic":"method"}],"upload":[{"__symbolic":"method"}],"clear":[{"__symbolic":"method"}],"remove":[{"__symbolic":"method"}],"clearInputElement":[{"__symbolic":"method"}],"hasFiles":[{"__symbolic":"method"}],"onDragEnter":[{"__symbolic":"method"}],"onDragOver":[{"__symbolic":"method"}],"onDragLeave":[{"__symbolic":"method"}],"onDrop":[{"__symbolic":"method"}],"onFocus":[{"__symbolic":"method"}],"onBlur":[{"__symbolic":"method"}],"formatSize":[{"__symbolic":"method"}],"onSimpleUploaderClick":[{"__symbolic":"method"}],"ngOnDestroy":[{"__symbolic":"method"}]}},"FileUploadModule":{"__symbolic":"class","decorators":[{"__symbolic":"call","expression":{"__symbolic":"reference","module":"@angular/core","name":"NgModule"},"arguments":[{"imports":[{"__symbolic":"reference","module":"@angular/common","name":"CommonModule"},{"__symbolic":"reference","module":"../common/shared","name":"SharedModule"},{"__symbolic":"reference","module":"../button/button","name":"ButtonModule"},{"__symbolic":"reference","module":"../progressbar/progressbar","name":"ProgressBarModule"},{"__symbolic":"reference","module":"../messages/messages","name":"MessagesModule"}],"exports":[{"__symbolic":"reference","name":"FileUpload"},{"__symbolic":"reference","module":"../common/shared","name":"SharedModule"},{"__symbolic":"reference","module":"../button/button","name":"ButtonModule"},{"__symbolic":"reference","module":"../progressbar/progressbar","name":"ProgressBarModule"},{"__symbolic":"reference","module":"../messages/messages","name":"MessagesModule"}],"declarations":[{"__symbolic":"reference","name":"FileUpload"}]}]}]}}}]