[{"__symbolic":"module","version":3,"metadata":{"PickList":{"__symbolic":"class","decorators":[{"__symbolic":"call","expression":{"__symbolic":"reference","module":"@angular/core","name":"Component"},"arguments":[{"selector":"p-pickList","template":"\n        <div [class]=\"styleClass\" [ngStyle]=\"style\" [ngClass]=\"{'ui-picklist ui-widget ui-helper-clearfix': true,'ui-picklist-responsive': responsive}\">\n            <div class=\"ui-picklist-source-controls ui-picklist-buttons\" *ngIf=\"showSourceControls\">\n                <div class=\"ui-picklist-buttons-cell\">\n                    <button type=\"button\" pButton icon=\"fa-angle-up\" [disabled]=\"disabled\" (click)=\"moveUp(sourcelist,source,selectedItemsSource,onSourceReorder)\"></button>\n                    <button type=\"button\" pButton icon=\"fa-angle-double-up\" [disabled]=\"disabled\" (click)=\"moveTop(sourcelist,source,selectedItemsSource,onSourceReorder)\"></button>\n                    <button type=\"button\" pButton icon=\"fa-angle-down\" [disabled]=\"disabled\" (click)=\"moveDown(sourcelist,source,selectedItemsSource,onSourceReorder)\"></button>\n                    <button type=\"button\" pButton icon=\"fa-angle-double-down\" [disabled]=\"disabled\" (click)=\"moveBottom(sourcelist,source,selectedItemsSource,onSourceReorder)\"></button>\n                </div>\n            </div>\n            <div class=\"ui-picklist-listwrapper ui-picklist-source-wrapper\" [ngClass]=\"{'ui-picklist-listwrapper-nocontrols':!showSourceControls}\">\n                <div class=\"ui-picklist-caption ui-widget-header ui-corner-tl ui-corner-tr\" *ngIf=\"sourceHeader\">{{sourceHeader}}</div>\n                <div class=\"ui-picklist-filter-container ui-widget-content\" *ngIf=\"filterBy\">\n                    <input type=\"text\" role=\"textbox\" (keyup)=\"onFilter($event,source,-1)\" class=\"ui-picklist-filter ui-inputtext ui-widget ui-state-default ui-corner-all\" [disabled]=\"disabled\" [attr.placeholder]=\"sourceFilterPlaceholder\">\n                    <span class=\"fa fa-search\"></span>\n                </div>\n                <ul #sourcelist class=\"ui-widget-content ui-picklist-list ui-picklist-source ui-corner-bottom\" [ngClass]=\"{'ui-picklist-highlight': listHighlightSource}\" [ngStyle]=\"sourceStyle\" (dragover)=\"onListMouseMove($event,-1)\" (dragleave)=\"onListDragLeave()\" (drop)=\"onListDrop($event, -1)\">\n                    <ng-template ngFor let-item [ngForOf]=\"source\" let-i=\"index\" let-l=\"last\">\n                        <li class=\"ui-picklist-droppoint\" *ngIf=\"dragdrop\" (dragover)=\"onDragOver($event, i, -1)\" (drop)=\"onDrop($event, i, -1)\" (dragleave)=\"onDragLeave($event, -1)\" \n                        [ngClass]=\"{'ui-picklist-droppoint-highlight': (i === dragOverItemIndexSource)}\" [style.display]=\"isItemVisible(item, -1) ? 'block' : 'none'\"></li>\n                        <li [ngClass]=\"{'ui-picklist-item':true,'ui-state-highlight':isSelected(item,selectedItemsSource), 'ui-state-disabled': disabled}\"\n                            (click)=\"onItemClick($event,item,selectedItemsSource,onSourceSelect)\" (dblclick)=\"onSourceItemDblClick()\" (touchend)=\"onItemTouchEnd($event)\"\n                            [style.display]=\"isItemVisible(item, -1) ? 'block' : 'none'\"\n                            [draggable]=\"dragdrop\" (dragstart)=\"onDragStart($event, i, -1)\" (dragend)=\"onDragEnd($event)\">\n                            <ng-template [pTemplateWrapper]=\"itemTemplate\" [item]=\"item\" [index]=\"i\"></ng-template>\n                        </li>\n                        <li class=\"ui-picklist-droppoint\" *ngIf=\"dragdrop&&l\" (dragover)=\"onDragOver($event, i + 1, -1)\" (drop)=\"onDrop($event, i + 1, -1)\" (dragleave)=\"onDragLeave($event, -1)\" \n                        [ngClass]=\"{'ui-picklist-droppoint-highlight': (i + 1 === dragOverItemIndexSource)}\"></li>\n                    </ng-template>\n                </ul>\n            </div>\n            <div class=\"ui-picklist-buttons\">\n                <div class=\"ui-picklist-buttons-cell\">\n                    <button type=\"button\" pButton icon=\"fa-angle-right\" [disabled]=\"disabled\" (click)=\"moveRight()\"></button>\n                    <button type=\"button\" pButton icon=\"fa-angle-double-right\" [disabled]=\"disabled\" (click)=\"moveAllRight()\"></button>\n                    <button type=\"button\" pButton icon=\"fa-angle-left\" [disabled]=\"disabled\" (click)=\"moveLeft()\"></button>\n                    <button type=\"button\" pButton icon=\"fa-angle-double-left\" [disabled]=\"disabled\" (click)=\"moveAllLeft()\"></button>\n                </div>\n            </div>\n            <div class=\"ui-picklist-listwrapper ui-picklist-target-wrapper\" [ngClass]=\"{'ui-picklist-listwrapper-nocontrols':!showTargetControls}\">\n                <div class=\"ui-picklist-caption ui-widget-header ui-corner-tl ui-corner-tr\" *ngIf=\"targetHeader\">{{targetHeader}}</div>\n                <div class=\"ui-picklist-filter-container ui-widget-content\" *ngIf=\"filterBy\">\n                    <input type=\"text\" role=\"textbox\" (keyup)=\"onFilter($event,target,1)\" class=\"ui-picklist-filter ui-inputtext ui-widget ui-state-default ui-corner-all\" [disabled]=\"disabled\" [attr.placeholder]=\"targetFilterPlaceholder\">\n                    <span class=\"fa fa-search\"></span>\n                </div>\n                <ul #targetlist class=\"ui-widget-content ui-picklist-list ui-picklist-target ui-corner-bottom\" [ngClass]=\"{'ui-picklist-highlight': listHighlightTarget}\" [ngStyle]=\"targetStyle\" (dragover)=\"onListMouseMove($event,1)\" (dragleave)=\"onListDragLeave()\" (drop)=\"onListDrop($event,1)\">\n                    <ng-template ngFor let-item [ngForOf]=\"target\" let-i=\"index\" let-l=\"last\">\n                        <li class=\"ui-picklist-droppoint\" *ngIf=\"dragdrop\" (dragover)=\"onDragOver($event, i, 1)\" (drop)=\"onDrop($event, i, 1)\" (dragleave)=\"onDragLeave($event, 1)\" \n                        [ngClass]=\"{'ui-picklist-droppoint-highlight': (i === dragOverItemIndexTarget)}\" [style.display]=\"isItemVisible(item, 1) ? 'block' : 'none'\"></li>\n                        <li [ngClass]=\"{'ui-picklist-item':true,'ui-state-highlight':isSelected(item,selectedItemsTarget), 'ui-state-disabled': disabled}\"\n                            (click)=\"onItemClick($event,item,selectedItemsTarget,onTargetSelect)\" (dblclick)=\"onTargetItemDblClick()\" (touchend)=\"onItemTouchEnd($event)\"\n                            [style.display]=\"isItemVisible(item, 1) ? 'block' : 'none'\"\n                            [draggable]=\"dragdrop\" (dragstart)=\"onDragStart($event, i, 1)\" (dragend)=\"onDragEnd($event)\">\n                            <ng-template [pTemplateWrapper]=\"itemTemplate\" [item]=\"item\" [index]=\"i\"></ng-template>\n                        </li>\n                        <li class=\"ui-picklist-droppoint\" *ngIf=\"dragdrop&&l\" (dragover)=\"onDragOver($event, i + 1, 1)\" (drop)=\"onDrop($event, i + 1, 1)\" (dragleave)=\"onDragLeave($event, 1)\" \n                        [ngClass]=\"{'ui-picklist-droppoint-highlight': (i + 1 === dragOverItemIndexTarget)}\"></li>\n                    </ng-template>\n                </ul>\n            </div>\n            <div class=\"ui-picklist-target-controls ui-picklist-buttons\" *ngIf=\"showTargetControls\">\n                <div class=\"ui-picklist-buttons-cell\">\n                    <button type=\"button\" pButton icon=\"fa-angle-up\" [disabled]=\"disabled\" (click)=\"moveUp(targetlist,target,selectedItemsTarget,onTargetReorder)\"></button>\n                    <button type=\"button\" pButton icon=\"fa-angle-double-up\" [disabled]=\"disabled\" (click)=\"moveTop(targetlist,target,selectedItemsTarget,onTargetReorder)\"></button>\n                    <button type=\"button\" pButton icon=\"fa-angle-down\" [disabled]=\"disabled\" (click)=\"moveDown(targetlist,target,selectedItemsTarget,onTargetReorder)\"></button>\n                    <button type=\"button\" pButton icon=\"fa-angle-double-down\" [disabled]=\"disabled\" (click)=\"moveBottom(targetlist,target,selectedItemsTarget,onTargetReorder)\"></button>\n                </div>\n            </div>\n        </div>\n    ","providers":[{"__symbolic":"reference","module":"../dom/domhandler","name":"DomHandler"},{"__symbolic":"reference","module":"../utils/objectutils","name":"ObjectUtils"}]}]}],"members":{"source":[{"__symbolic":"property","decorators":[{"__symbolic":"call","expression":{"__symbolic":"reference","module":"@angular/core","name":"Input"}}]}],"target":[{"__symbolic":"property","decorators":[{"__symbolic":"call","expression":{"__symbolic":"reference","module":"@angular/core","name":"Input"}}]}],"sourceHeader":[{"__symbolic":"property","decorators":[{"__symbolic":"call","expression":{"__symbolic":"reference","module":"@angular/core","name":"Input"}}]}],"targetHeader":[{"__symbolic":"property","decorators":[{"__symbolic":"call","expression":{"__symbolic":"reference","module":"@angular/core","name":"Input"}}]}],"responsive":[{"__symbolic":"property","decorators":[{"__symbolic":"call","expression":{"__symbolic":"reference","module":"@angular/core","name":"Input"}}]}],"filterBy":[{"__symbolic":"property","decorators":[{"__symbolic":"call","expression":{"__symbolic":"reference","module":"@angular/core","name":"Input"}}]}],"metaKeySelection":[{"__symbolic":"property","decorators":[{"__symbolic":"call","expression":{"__symbolic":"reference","module":"@angular/core","name":"Input"}}]}],"dragdrop":[{"__symbolic":"property","decorators":[{"__symbolic":"call","expression":{"__symbolic":"reference","module":"@angular/core","name":"Input"}}]}],"dragdropScope":[{"__symbolic":"property","decorators":[{"__symbolic":"call","expression":{"__symbolic":"reference","module":"@angular/core","name":"Input"}}]}],"style":[{"__symbolic":"property","decorators":[{"__symbolic":"call","expression":{"__symbolic":"reference","module":"@angular/core","name":"Input"}}]}],"styleClass":[{"__symbolic":"property","decorators":[{"__symbolic":"call","expression":{"__symbolic":"reference","module":"@angular/core","name":"Input"}}]}],"sourceStyle":[{"__symbolic":"property","decorators":[{"__symbolic":"call","expression":{"__symbolic":"reference","module":"@angular/core","name":"Input"}}]}],"targetStyle":[{"__symbolic":"property","decorators":[{"__symbolic":"call","expression":{"__symbolic":"reference","module":"@angular/core","name":"Input"}}]}],"showSourceControls":[{"__symbolic":"property","decorators":[{"__symbolic":"call","expression":{"__symbolic":"reference","module":"@angular/core","name":"Input"}}]}],"showTargetControls":[{"__symbolic":"property","decorators":[{"__symbolic":"call","expression":{"__symbolic":"reference","module":"@angular/core","name":"Input"}}]}],"sourceFilterPlaceholder":[{"__symbolic":"property","decorators":[{"__symbolic":"call","expression":{"__symbolic":"reference","module":"@angular/core","name":"Input"}}]}],"targetFilterPlaceholder":[{"__symbolic":"property","decorators":[{"__symbolic":"call","expression":{"__symbolic":"reference","module":"@angular/core","name":"Input"}}]}],"disabled":[{"__symbolic":"property","decorators":[{"__symbolic":"call","expression":{"__symbolic":"reference","module":"@angular/core","name":"Input"}}]}],"onMoveToSource":[{"__symbolic":"property","decorators":[{"__symbolic":"call","expression":{"__symbolic":"reference","module":"@angular/core","name":"Output"}}]}],"onMoveAllToSource":[{"__symbolic":"property","decorators":[{"__symbolic":"call","expression":{"__symbolic":"reference","module":"@angular/core","name":"Output"}}]}],"onMoveAllToTarget":[{"__symbolic":"property","decorators":[{"__symbolic":"call","expression":{"__symbolic":"reference","module":"@angular/core","name":"Output"}}]}],"onMoveToTarget":[{"__symbolic":"property","decorators":[{"__symbolic":"call","expression":{"__symbolic":"reference","module":"@angular/core","name":"Output"}}]}],"onSourceReorder":[{"__symbolic":"property","decorators":[{"__symbolic":"call","expression":{"__symbolic":"reference","module":"@angular/core","name":"Output"}}]}],"onTargetReorder":[{"__symbolic":"property","decorators":[{"__symbolic":"call","expression":{"__symbolic":"reference","module":"@angular/core","name":"Output"}}]}],"onSourceSelect":[{"__symbolic":"property","decorators":[{"__symbolic":"call","expression":{"__symbolic":"reference","module":"@angular/core","name":"Output"}}]}],"onTargetSelect":[{"__symbolic":"property","decorators":[{"__symbolic":"call","expression":{"__symbolic":"reference","module":"@angular/core","name":"Output"}}]}],"listViewSourceChild":[{"__symbolic":"property","decorators":[{"__symbolic":"call","expression":{"__symbolic":"reference","module":"@angular/core","name":"ViewChild"},"arguments":["sourcelist"]}]}],"listViewTargetChild":[{"__symbolic":"property","decorators":[{"__symbolic":"call","expression":{"__symbolic":"reference","module":"@angular/core","name":"ViewChild"},"arguments":["targetlist"]}]}],"templates":[{"__symbolic":"property","decorators":[{"__symbolic":"call","expression":{"__symbolic":"reference","module":"@angular/core","name":"ContentChildren"},"arguments":[{"__symbolic":"reference","module":"../common/shared","name":"PrimeTemplate"}]}]}],"__ctor__":[{"__symbolic":"constructor","parameters":[{"__symbolic":"reference","module":"@angular/core","name":"ElementRef"},{"__symbolic":"reference","module":"../dom/domhandler","name":"DomHandler"},{"__symbolic":"reference","module":"../utils/objectutils","name":"ObjectUtils"}]}],"ngAfterContentInit":[{"__symbolic":"method"}],"ngAfterViewChecked":[{"__symbolic":"method"}],"onItemClick":[{"__symbolic":"method"}],"onSourceItemDblClick":[{"__symbolic":"method"}],"onTargetItemDblClick":[{"__symbolic":"method"}],"onFilter":[{"__symbolic":"method"}],"activateFilter":[{"__symbolic":"method"}],"isItemVisible":[{"__symbolic":"method"}],"isVisibleInList":[{"__symbolic":"method"}],"onItemTouchEnd":[{"__symbolic":"method"}],"moveUp":[{"__symbolic":"method"}],"moveTop":[{"__symbolic":"method"}],"moveDown":[{"__symbolic":"method"}],"moveBottom":[{"__symbolic":"method"}],"moveRight":[{"__symbolic":"method"}],"moveAllRight":[{"__symbolic":"method"}],"moveLeft":[{"__symbolic":"method"}],"moveAllLeft":[{"__symbolic":"method"}],"isSelected":[{"__symbolic":"method"}],"findIndexInSelection":[{"__symbolic":"method"}],"findIndexInList":[{"__symbolic":"method"}],"onDragStart":[{"__symbolic":"method"}],"onDragOver":[{"__symbolic":"method"}],"onDragLeave":[{"__symbolic":"method"}],"onDrop":[{"__symbolic":"method"}],"onDragEnd":[{"__symbolic":"method"}],"onListDrop":[{"__symbolic":"method"}],"insert":[{"__symbolic":"method"}],"onListMouseMove":[{"__symbolic":"method"}],"onListDragLeave":[{"__symbolic":"method"}]}},"PickListModule":{"__symbolic":"class","decorators":[{"__symbolic":"call","expression":{"__symbolic":"reference","module":"@angular/core","name":"NgModule"},"arguments":[{"imports":[{"__symbolic":"reference","module":"@angular/common","name":"CommonModule"},{"__symbolic":"reference","module":"../button/button","name":"ButtonModule"},{"__symbolic":"reference","module":"../common/shared","name":"SharedModule"}],"exports":[{"__symbolic":"reference","name":"PickList"},{"__symbolic":"reference","module":"../common/shared","name":"SharedModule"}],"declarations":[{"__symbolic":"reference","name":"PickList"}]}]}]}}},{"__symbolic":"module","version":1,"metadata":{"PickList":{"__symbolic":"class","decorators":[{"__symbolic":"call","expression":{"__symbolic":"reference","module":"@angular/core","name":"Component"},"arguments":[{"selector":"p-pickList","template":"\n        <div [class]=\"styleClass\" [ngStyle]=\"style\" [ngClass]=\"{'ui-picklist ui-widget ui-helper-clearfix': true,'ui-picklist-responsive': responsive}\">\n            <div class=\"ui-picklist-source-controls ui-picklist-buttons\" *ngIf=\"showSourceControls\">\n                <div class=\"ui-picklist-buttons-cell\">\n                    <button type=\"button\" pButton icon=\"fa-angle-up\" [disabled]=\"disabled\" (click)=\"moveUp(sourcelist,source,selectedItemsSource,onSourceReorder)\"></button>\n                    <button type=\"button\" pButton icon=\"fa-angle-double-up\" [disabled]=\"disabled\" (click)=\"moveTop(sourcelist,source,selectedItemsSource,onSourceReorder)\"></button>\n                    <button type=\"button\" pButton icon=\"fa-angle-down\" [disabled]=\"disabled\" (click)=\"moveDown(sourcelist,source,selectedItemsSource,onSourceReorder)\"></button>\n                    <button type=\"button\" pButton icon=\"fa-angle-double-down\" [disabled]=\"disabled\" (click)=\"moveBottom(sourcelist,source,selectedItemsSource,onSourceReorder)\"></button>\n                </div>\n            </div>\n            <div class=\"ui-picklist-listwrapper ui-picklist-source-wrapper\" [ngClass]=\"{'ui-picklist-listwrapper-nocontrols':!showSourceControls}\">\n                <div class=\"ui-picklist-caption ui-widget-header ui-corner-tl ui-corner-tr\" *ngIf=\"sourceHeader\">{{sourceHeader}}</div>\n                <div class=\"ui-picklist-filter-container ui-widget-content\" *ngIf=\"filterBy\">\n                    <input type=\"text\" role=\"textbox\" (keyup)=\"onFilter($event,source,-1)\" class=\"ui-picklist-filter ui-inputtext ui-widget ui-state-default ui-corner-all\" [disabled]=\"disabled\" [attr.placeholder]=\"sourceFilterPlaceholder\">\n                    <span class=\"fa fa-search\"></span>\n                </div>\n                <ul #sourcelist class=\"ui-widget-content ui-picklist-list ui-picklist-source ui-corner-bottom\" [ngClass]=\"{'ui-picklist-highlight': listHighlightSource}\" [ngStyle]=\"sourceStyle\" (dragover)=\"onListMouseMove($event,-1)\" (dragleave)=\"onListDragLeave()\" (drop)=\"onListDrop($event, -1)\">\n                    <ng-template ngFor let-item [ngForOf]=\"source\" let-i=\"index\" let-l=\"last\">\n                        <li class=\"ui-picklist-droppoint\" *ngIf=\"dragdrop\" (dragover)=\"onDragOver($event, i, -1)\" (drop)=\"onDrop($event, i, -1)\" (dragleave)=\"onDragLeave($event, -1)\" \n                        [ngClass]=\"{'ui-picklist-droppoint-highlight': (i === dragOverItemIndexSource)}\" [style.display]=\"isItemVisible(item, -1) ? 'block' : 'none'\"></li>\n                        <li [ngClass]=\"{'ui-picklist-item':true,'ui-state-highlight':isSelected(item,selectedItemsSource), 'ui-state-disabled': disabled}\"\n                            (click)=\"onItemClick($event,item,selectedItemsSource,onSourceSelect)\" (dblclick)=\"onSourceItemDblClick()\" (touchend)=\"onItemTouchEnd($event)\"\n                            [style.display]=\"isItemVisible(item, -1) ? 'block' : 'none'\"\n                            [draggable]=\"dragdrop\" (dragstart)=\"onDragStart($event, i, -1)\" (dragend)=\"onDragEnd($event)\">\n                            <ng-template [pTemplateWrapper]=\"itemTemplate\" [item]=\"item\" [index]=\"i\"></ng-template>\n                        </li>\n                        <li class=\"ui-picklist-droppoint\" *ngIf=\"dragdrop&&l\" (dragover)=\"onDragOver($event, i + 1, -1)\" (drop)=\"onDrop($event, i + 1, -1)\" (dragleave)=\"onDragLeave($event, -1)\" \n                        [ngClass]=\"{'ui-picklist-droppoint-highlight': (i + 1 === dragOverItemIndexSource)}\"></li>\n                    </ng-template>\n                </ul>\n            </div>\n            <div class=\"ui-picklist-buttons\">\n                <div class=\"ui-picklist-buttons-cell\">\n                    <button type=\"button\" pButton icon=\"fa-angle-right\" [disabled]=\"disabled\" (click)=\"moveRight()\"></button>\n                    <button type=\"button\" pButton icon=\"fa-angle-double-right\" [disabled]=\"disabled\" (click)=\"moveAllRight()\"></button>\n                    <button type=\"button\" pButton icon=\"fa-angle-left\" [disabled]=\"disabled\" (click)=\"moveLeft()\"></button>\n                    <button type=\"button\" pButton icon=\"fa-angle-double-left\" [disabled]=\"disabled\" (click)=\"moveAllLeft()\"></button>\n                </div>\n            </div>\n            <div class=\"ui-picklist-listwrapper ui-picklist-target-wrapper\" [ngClass]=\"{'ui-picklist-listwrapper-nocontrols':!showTargetControls}\">\n                <div class=\"ui-picklist-caption ui-widget-header ui-corner-tl ui-corner-tr\" *ngIf=\"targetHeader\">{{targetHeader}}</div>\n                <div class=\"ui-picklist-filter-container ui-widget-content\" *ngIf=\"filterBy\">\n                    <input type=\"text\" role=\"textbox\" (keyup)=\"onFilter($event,target,1)\" class=\"ui-picklist-filter ui-inputtext ui-widget ui-state-default ui-corner-all\" [disabled]=\"disabled\" [attr.placeholder]=\"targetFilterPlaceholder\">\n                    <span class=\"fa fa-search\"></span>\n                </div>\n                <ul #targetlist class=\"ui-widget-content ui-picklist-list ui-picklist-target ui-corner-bottom\" [ngClass]=\"{'ui-picklist-highlight': listHighlightTarget}\" [ngStyle]=\"targetStyle\" (dragover)=\"onListMouseMove($event,1)\" (dragleave)=\"onListDragLeave()\" (drop)=\"onListDrop($event,1)\">\n                    <ng-template ngFor let-item [ngForOf]=\"target\" let-i=\"index\" let-l=\"last\">\n                        <li class=\"ui-picklist-droppoint\" *ngIf=\"dragdrop\" (dragover)=\"onDragOver($event, i, 1)\" (drop)=\"onDrop($event, i, 1)\" (dragleave)=\"onDragLeave($event, 1)\" \n                        [ngClass]=\"{'ui-picklist-droppoint-highlight': (i === dragOverItemIndexTarget)}\" [style.display]=\"isItemVisible(item, 1) ? 'block' : 'none'\"></li>\n                        <li [ngClass]=\"{'ui-picklist-item':true,'ui-state-highlight':isSelected(item,selectedItemsTarget), 'ui-state-disabled': disabled}\"\n                            (click)=\"onItemClick($event,item,selectedItemsTarget,onTargetSelect)\" (dblclick)=\"onTargetItemDblClick()\" (touchend)=\"onItemTouchEnd($event)\"\n                            [style.display]=\"isItemVisible(item, 1) ? 'block' : 'none'\"\n                            [draggable]=\"dragdrop\" (dragstart)=\"onDragStart($event, i, 1)\" (dragend)=\"onDragEnd($event)\">\n                            <ng-template [pTemplateWrapper]=\"itemTemplate\" [item]=\"item\" [index]=\"i\"></ng-template>\n                        </li>\n                        <li class=\"ui-picklist-droppoint\" *ngIf=\"dragdrop&&l\" (dragover)=\"onDragOver($event, i + 1, 1)\" (drop)=\"onDrop($event, i + 1, 1)\" (dragleave)=\"onDragLeave($event, 1)\" \n                        [ngClass]=\"{'ui-picklist-droppoint-highlight': (i + 1 === dragOverItemIndexTarget)}\"></li>\n                    </ng-template>\n                </ul>\n            </div>\n            <div class=\"ui-picklist-target-controls ui-picklist-buttons\" *ngIf=\"showTargetControls\">\n                <div class=\"ui-picklist-buttons-cell\">\n                    <button type=\"button\" pButton icon=\"fa-angle-up\" [disabled]=\"disabled\" (click)=\"moveUp(targetlist,target,selectedItemsTarget,onTargetReorder)\"></button>\n                    <button type=\"button\" pButton icon=\"fa-angle-double-up\" [disabled]=\"disabled\" (click)=\"moveTop(targetlist,target,selectedItemsTarget,onTargetReorder)\"></button>\n                    <button type=\"button\" pButton icon=\"fa-angle-down\" [disabled]=\"disabled\" (click)=\"moveDown(targetlist,target,selectedItemsTarget,onTargetReorder)\"></button>\n                    <button type=\"button\" pButton icon=\"fa-angle-double-down\" [disabled]=\"disabled\" (click)=\"moveBottom(targetlist,target,selectedItemsTarget,onTargetReorder)\"></button>\n                </div>\n            </div>\n        </div>\n    ","providers":[{"__symbolic":"reference","module":"../dom/domhandler","name":"DomHandler"},{"__symbolic":"reference","module":"../utils/objectutils","name":"ObjectUtils"}]}]}],"members":{"source":[{"__symbolic":"property","decorators":[{"__symbolic":"call","expression":{"__symbolic":"reference","module":"@angular/core","name":"Input"}}]}],"target":[{"__symbolic":"property","decorators":[{"__symbolic":"call","expression":{"__symbolic":"reference","module":"@angular/core","name":"Input"}}]}],"sourceHeader":[{"__symbolic":"property","decorators":[{"__symbolic":"call","expression":{"__symbolic":"reference","module":"@angular/core","name":"Input"}}]}],"targetHeader":[{"__symbolic":"property","decorators":[{"__symbolic":"call","expression":{"__symbolic":"reference","module":"@angular/core","name":"Input"}}]}],"responsive":[{"__symbolic":"property","decorators":[{"__symbolic":"call","expression":{"__symbolic":"reference","module":"@angular/core","name":"Input"}}]}],"filterBy":[{"__symbolic":"property","decorators":[{"__symbolic":"call","expression":{"__symbolic":"reference","module":"@angular/core","name":"Input"}}]}],"metaKeySelection":[{"__symbolic":"property","decorators":[{"__symbolic":"call","expression":{"__symbolic":"reference","module":"@angular/core","name":"Input"}}]}],"dragdrop":[{"__symbolic":"property","decorators":[{"__symbolic":"call","expression":{"__symbolic":"reference","module":"@angular/core","name":"Input"}}]}],"dragdropScope":[{"__symbolic":"property","decorators":[{"__symbolic":"call","expression":{"__symbolic":"reference","module":"@angular/core","name":"Input"}}]}],"style":[{"__symbolic":"property","decorators":[{"__symbolic":"call","expression":{"__symbolic":"reference","module":"@angular/core","name":"Input"}}]}],"styleClass":[{"__symbolic":"property","decorators":[{"__symbolic":"call","expression":{"__symbolic":"reference","module":"@angular/core","name":"Input"}}]}],"sourceStyle":[{"__symbolic":"property","decorators":[{"__symbolic":"call","expression":{"__symbolic":"reference","module":"@angular/core","name":"Input"}}]}],"targetStyle":[{"__symbolic":"property","decorators":[{"__symbolic":"call","expression":{"__symbolic":"reference","module":"@angular/core","name":"Input"}}]}],"showSourceControls":[{"__symbolic":"property","decorators":[{"__symbolic":"call","expression":{"__symbolic":"reference","module":"@angular/core","name":"Input"}}]}],"showTargetControls":[{"__symbolic":"property","decorators":[{"__symbolic":"call","expression":{"__symbolic":"reference","module":"@angular/core","name":"Input"}}]}],"sourceFilterPlaceholder":[{"__symbolic":"property","decorators":[{"__symbolic":"call","expression":{"__symbolic":"reference","module":"@angular/core","name":"Input"}}]}],"targetFilterPlaceholder":[{"__symbolic":"property","decorators":[{"__symbolic":"call","expression":{"__symbolic":"reference","module":"@angular/core","name":"Input"}}]}],"disabled":[{"__symbolic":"property","decorators":[{"__symbolic":"call","expression":{"__symbolic":"reference","module":"@angular/core","name":"Input"}}]}],"onMoveToSource":[{"__symbolic":"property","decorators":[{"__symbolic":"call","expression":{"__symbolic":"reference","module":"@angular/core","name":"Output"}}]}],"onMoveAllToSource":[{"__symbolic":"property","decorators":[{"__symbolic":"call","expression":{"__symbolic":"reference","module":"@angular/core","name":"Output"}}]}],"onMoveAllToTarget":[{"__symbolic":"property","decorators":[{"__symbolic":"call","expression":{"__symbolic":"reference","module":"@angular/core","name":"Output"}}]}],"onMoveToTarget":[{"__symbolic":"property","decorators":[{"__symbolic":"call","expression":{"__symbolic":"reference","module":"@angular/core","name":"Output"}}]}],"onSourceReorder":[{"__symbolic":"property","decorators":[{"__symbolic":"call","expression":{"__symbolic":"reference","module":"@angular/core","name":"Output"}}]}],"onTargetReorder":[{"__symbolic":"property","decorators":[{"__symbolic":"call","expression":{"__symbolic":"reference","module":"@angular/core","name":"Output"}}]}],"onSourceSelect":[{"__symbolic":"property","decorators":[{"__symbolic":"call","expression":{"__symbolic":"reference","module":"@angular/core","name":"Output"}}]}],"onTargetSelect":[{"__symbolic":"property","decorators":[{"__symbolic":"call","expression":{"__symbolic":"reference","module":"@angular/core","name":"Output"}}]}],"listViewSourceChild":[{"__symbolic":"property","decorators":[{"__symbolic":"call","expression":{"__symbolic":"reference","module":"@angular/core","name":"ViewChild"},"arguments":["sourcelist"]}]}],"listViewTargetChild":[{"__symbolic":"property","decorators":[{"__symbolic":"call","expression":{"__symbolic":"reference","module":"@angular/core","name":"ViewChild"},"arguments":["targetlist"]}]}],"templates":[{"__symbolic":"property","decorators":[{"__symbolic":"call","expression":{"__symbolic":"reference","module":"@angular/core","name":"ContentChildren"},"arguments":[{"__symbolic":"reference","module":"../common/shared","name":"PrimeTemplate"}]}]}],"__ctor__":[{"__symbolic":"constructor","parameters":[{"__symbolic":"reference","module":"@angular/core","name":"ElementRef"},{"__symbolic":"reference","module":"../dom/domhandler","name":"DomHandler"},{"__symbolic":"reference","module":"../utils/objectutils","name":"ObjectUtils"}]}],"ngAfterContentInit":[{"__symbolic":"method"}],"ngAfterViewChecked":[{"__symbolic":"method"}],"onItemClick":[{"__symbolic":"method"}],"onSourceItemDblClick":[{"__symbolic":"method"}],"onTargetItemDblClick":[{"__symbolic":"method"}],"onFilter":[{"__symbolic":"method"}],"activateFilter":[{"__symbolic":"method"}],"isItemVisible":[{"__symbolic":"method"}],"isVisibleInList":[{"__symbolic":"method"}],"onItemTouchEnd":[{"__symbolic":"method"}],"moveUp":[{"__symbolic":"method"}],"moveTop":[{"__symbolic":"method"}],"moveDown":[{"__symbolic":"method"}],"moveBottom":[{"__symbolic":"method"}],"moveRight":[{"__symbolic":"method"}],"moveAllRight":[{"__symbolic":"method"}],"moveLeft":[{"__symbolic":"method"}],"moveAllLeft":[{"__symbolic":"method"}],"isSelected":[{"__symbolic":"method"}],"findIndexInSelection":[{"__symbolic":"method"}],"findIndexInList":[{"__symbolic":"method"}],"onDragStart":[{"__symbolic":"method"}],"onDragOver":[{"__symbolic":"method"}],"onDragLeave":[{"__symbolic":"method"}],"onDrop":[{"__symbolic":"method"}],"onDragEnd":[{"__symbolic":"method"}],"onListDrop":[{"__symbolic":"method"}],"insert":[{"__symbolic":"method"}],"onListMouseMove":[{"__symbolic":"method"}],"onListDragLeave":[{"__symbolic":"method"}]}},"PickListModule":{"__symbolic":"class","decorators":[{"__symbolic":"call","expression":{"__symbolic":"reference","module":"@angular/core","name":"NgModule"},"arguments":[{"imports":[{"__symbolic":"reference","module":"@angular/common","name":"CommonModule"},{"__symbolic":"reference","module":"../button/button","name":"ButtonModule"},{"__symbolic":"reference","module":"../common/shared","name":"SharedModule"}],"exports":[{"__symbolic":"reference","name":"PickList"},{"__symbolic":"reference","module":"../common/shared","name":"SharedModule"}],"declarations":[{"__symbolic":"reference","name":"PickList"}]}]}]}}}]