[{"__symbolic":"module","version":3,"metadata":{"TieredMenuSub":{"__symbolic":"class","decorators":[{"__symbolic":"call","expression":{"__symbolic":"reference","module":"@angular/core","name":"Component"},"arguments":[{"selector":"p-tieredMenuSub","template":"\n        <ul [ngClass]=\"{'ui-helper-reset':root, 'ui-widget-content ui-corner-all ui-helper-clearfix ui-menu-child ui-shadow':!root}\" class=\"ui-menu-list\"\n            (click)=\"listClick($event)\">\n            <ng-template ngFor let-child [ngForOf]=\"(root ? item : item.items)\">\n                <li *ngIf=\"child.separator\" class=\"ui-menu-separator ui-widget-content\">\n                <li *ngIf=\"!child.separator\" #listItem [ngClass]=\"{'ui-menuitem ui-widget ui-corner-all':true,'ui-menu-parent':child.items,'ui-menuitem-active':listItem==activeItem}\"\n                    (mouseenter)=\"onItemMouseEnter($event, listItem, child)\" (mouseleave)=\"onItemMouseLeave($event)\">\n                    <a *ngIf=\"!child.routerLink\" [href]=\"child.url||'#'\" class=\"ui-menuitem-link ui-corner-all\" [attr.target]=\"child.target\" [attr.title]=\"child.title\"\n                        [ngClass]=\"{'ui-state-disabled':child.disabled}\" (click)=\"itemClick($event, child)\">\n                        <span class=\"ui-submenu-icon fa fa-fw fa-caret-right\" *ngIf=\"child.items\"></span>\n                        <span class=\"ui-menuitem-icon fa fa-fw\" *ngIf=\"child.icon\" [ngClass]=\"child.icon\"></span>\n                        <span class=\"ui-menuitem-text\">{{child.label}}</span>\n                    </a>\n                    <a *ngIf=\"child.routerLink\" [routerLink]=\"child.routerLink\" [queryParams]=\"child.queryParams\" [routerLinkActive]=\"'ui-state-active'\" \n                        [routerLinkActiveOptions]=\"child.routerLinkActiveOptions||{exact:false}\" [href]=\"child.url||'#'\" \n                        class=\"ui-menuitem-link ui-corner-all\" [attr.target]=\"child.target\" [attr.title]=\"child.title\"\n                        [ngClass]=\"{'ui-state-disabled':child.disabled}\" (click)=\"itemClick($event, child)\">\n                        <span class=\"ui-submenu-icon fa fa-fw fa-caret-right\" *ngIf=\"child.items\"></span>\n                        <span class=\"ui-menuitem-icon fa fa-fw\" *ngIf=\"child.icon\" [ngClass]=\"child.icon\"></span>\n                        <span class=\"ui-menuitem-text\">{{child.label}}</span>\n                    </a>\n                    <p-tieredMenuSub class=\"ui-submenu\" [item]=\"child\" *ngIf=\"child.items\"></p-tieredMenuSub>\n                </li>\n            </ng-template>\n        </ul>\n    ","providers":[{"__symbolic":"reference","module":"../dom/domhandler","name":"DomHandler"}]}]}],"members":{"item":[{"__symbolic":"property","decorators":[{"__symbolic":"call","expression":{"__symbolic":"reference","module":"@angular/core","name":"Input"}}]}],"root":[{"__symbolic":"property","decorators":[{"__symbolic":"call","expression":{"__symbolic":"reference","module":"@angular/core","name":"Input"}}]}],"__ctor__":[{"__symbolic":"constructor","parameters":[{"__symbolic":"reference","module":"../dom/domhandler","name":"DomHandler"}]}],"onItemMouseEnter":[{"__symbolic":"method"}],"onItemMouseLeave":[{"__symbolic":"method"}],"itemClick":[{"__symbolic":"method"}],"listClick":[{"__symbolic":"method"}]}},"TieredMenu":{"__symbolic":"class","decorators":[{"__symbolic":"call","expression":{"__symbolic":"reference","module":"@angular/core","name":"Component"},"arguments":[{"selector":"p-tieredMenu","template":"\n        <div [ngClass]=\"{'ui-tieredmenu ui-menu ui-widget ui-widget-content ui-corner-all ui-helper-clearfix':true,'ui-menu-dynamic ui-shadow':popup}\" \n            [class]=\"styleClass\" [ngStyle]=\"style\">\n            <p-tieredMenuSub [item]=\"model\" root=\"root\"></p-tieredMenuSub>\n        </div>\n    ","providers":[{"__symbolic":"reference","module":"../dom/domhandler","name":"DomHandler"}]}]}],"members":{"model":[{"__symbolic":"property","decorators":[{"__symbolic":"call","expression":{"__symbolic":"reference","module":"@angular/core","name":"Input"}}]}],"popup":[{"__symbolic":"property","decorators":[{"__symbolic":"call","expression":{"__symbolic":"reference","module":"@angular/core","name":"Input"}}]}],"style":[{"__symbolic":"property","decorators":[{"__symbolic":"call","expression":{"__symbolic":"reference","module":"@angular/core","name":"Input"}}]}],"styleClass":[{"__symbolic":"property","decorators":[{"__symbolic":"call","expression":{"__symbolic":"reference","module":"@angular/core","name":"Input"}}]}],"appendTo":[{"__symbolic":"property","decorators":[{"__symbolic":"call","expression":{"__symbolic":"reference","module":"@angular/core","name":"Input"}}]}],"__ctor__":[{"__symbolic":"constructor","parameters":[{"__symbolic":"reference","module":"@angular/core","name":"ElementRef"},{"__symbolic":"reference","module":"../dom/domhandler","name":"DomHandler"},{"__symbolic":"reference","module":"@angular/core","name":"Renderer2"}]}],"ngAfterViewInit":[{"__symbolic":"method"}],"toggle":[{"__symbolic":"method"}],"show":[{"__symbolic":"method"}],"hide":[{"__symbolic":"method"}],"unbindDocumentClickListener":[{"__symbolic":"method"}],"bindDocumentClickListener":[{"__symbolic":"method"}],"ngOnDestroy":[{"__symbolic":"method"}]}},"TieredMenuModule":{"__symbolic":"class","decorators":[{"__symbolic":"call","expression":{"__symbolic":"reference","module":"@angular/core","name":"NgModule"},"arguments":[{"imports":[{"__symbolic":"reference","module":"@angular/common","name":"CommonModule"},{"__symbolic":"reference","module":"@angular/router","name":"RouterModule"}],"exports":[{"__symbolic":"reference","name":"TieredMenu"},{"__symbolic":"reference","module":"@angular/router","name":"RouterModule"}],"declarations":[{"__symbolic":"reference","name":"TieredMenu"},{"__symbolic":"reference","name":"TieredMenuSub"}]}]}]}}},{"__symbolic":"module","version":1,"metadata":{"TieredMenuSub":{"__symbolic":"class","decorators":[{"__symbolic":"call","expression":{"__symbolic":"reference","module":"@angular/core","name":"Component"},"arguments":[{"selector":"p-tieredMenuSub","template":"\n        <ul [ngClass]=\"{'ui-helper-reset':root, 'ui-widget-content ui-corner-all ui-helper-clearfix ui-menu-child ui-shadow':!root}\" class=\"ui-menu-list\"\n            (click)=\"listClick($event)\">\n            <ng-template ngFor let-child [ngForOf]=\"(root ? item : item.items)\">\n                <li *ngIf=\"child.separator\" class=\"ui-menu-separator ui-widget-content\">\n                <li *ngIf=\"!child.separator\" #listItem [ngClass]=\"{'ui-menuitem ui-widget ui-corner-all':true,'ui-menu-parent':child.items,'ui-menuitem-active':listItem==activeItem}\"\n                    (mouseenter)=\"onItemMouseEnter($event, listItem, child)\" (mouseleave)=\"onItemMouseLeave($event)\">\n                    <a *ngIf=\"!child.routerLink\" [href]=\"child.url||'#'\" class=\"ui-menuitem-link ui-corner-all\" [attr.target]=\"child.target\" [attr.title]=\"child.title\"\n                        [ngClass]=\"{'ui-state-disabled':child.disabled}\" (click)=\"itemClick($event, child)\">\n                        <span class=\"ui-submenu-icon fa fa-fw fa-caret-right\" *ngIf=\"child.items\"></span>\n                        <span class=\"ui-menuitem-icon fa fa-fw\" *ngIf=\"child.icon\" [ngClass]=\"child.icon\"></span>\n                        <span class=\"ui-menuitem-text\">{{child.label}}</span>\n                    </a>\n                    <a *ngIf=\"child.routerLink\" [routerLink]=\"child.routerLink\" [queryParams]=\"child.queryParams\" [routerLinkActive]=\"'ui-state-active'\" \n                        [routerLinkActiveOptions]=\"child.routerLinkActiveOptions||{exact:false}\" [href]=\"child.url||'#'\" \n                        class=\"ui-menuitem-link ui-corner-all\" [attr.target]=\"child.target\" [attr.title]=\"child.title\"\n                        [ngClass]=\"{'ui-state-disabled':child.disabled}\" (click)=\"itemClick($event, child)\">\n                        <span class=\"ui-submenu-icon fa fa-fw fa-caret-right\" *ngIf=\"child.items\"></span>\n                        <span class=\"ui-menuitem-icon fa fa-fw\" *ngIf=\"child.icon\" [ngClass]=\"child.icon\"></span>\n                        <span class=\"ui-menuitem-text\">{{child.label}}</span>\n                    </a>\n                    <p-tieredMenuSub class=\"ui-submenu\" [item]=\"child\" *ngIf=\"child.items\"></p-tieredMenuSub>\n                </li>\n            </ng-template>\n        </ul>\n    ","providers":[{"__symbolic":"reference","module":"../dom/domhandler","name":"DomHandler"}]}]}],"members":{"item":[{"__symbolic":"property","decorators":[{"__symbolic":"call","expression":{"__symbolic":"reference","module":"@angular/core","name":"Input"}}]}],"root":[{"__symbolic":"property","decorators":[{"__symbolic":"call","expression":{"__symbolic":"reference","module":"@angular/core","name":"Input"}}]}],"__ctor__":[{"__symbolic":"constructor","parameters":[{"__symbolic":"reference","module":"../dom/domhandler","name":"DomHandler"}]}],"onItemMouseEnter":[{"__symbolic":"method"}],"onItemMouseLeave":[{"__symbolic":"method"}],"itemClick":[{"__symbolic":"method"}],"listClick":[{"__symbolic":"method"}]}},"TieredMenu":{"__symbolic":"class","decorators":[{"__symbolic":"call","expression":{"__symbolic":"reference","module":"@angular/core","name":"Component"},"arguments":[{"selector":"p-tieredMenu","template":"\n        <div [ngClass]=\"{'ui-tieredmenu ui-menu ui-widget ui-widget-content ui-corner-all ui-helper-clearfix':true,'ui-menu-dynamic ui-shadow':popup}\" \n            [class]=\"styleClass\" [ngStyle]=\"style\">\n            <p-tieredMenuSub [item]=\"model\" root=\"root\"></p-tieredMenuSub>\n        </div>\n    ","providers":[{"__symbolic":"reference","module":"../dom/domhandler","name":"DomHandler"}]}]}],"members":{"model":[{"__symbolic":"property","decorators":[{"__symbolic":"call","expression":{"__symbolic":"reference","module":"@angular/core","name":"Input"}}]}],"popup":[{"__symbolic":"property","decorators":[{"__symbolic":"call","expression":{"__symbolic":"reference","module":"@angular/core","name":"Input"}}]}],"style":[{"__symbolic":"property","decorators":[{"__symbolic":"call","expression":{"__symbolic":"reference","module":"@angular/core","name":"Input"}}]}],"styleClass":[{"__symbolic":"property","decorators":[{"__symbolic":"call","expression":{"__symbolic":"reference","module":"@angular/core","name":"Input"}}]}],"appendTo":[{"__symbolic":"property","decorators":[{"__symbolic":"call","expression":{"__symbolic":"reference","module":"@angular/core","name":"Input"}}]}],"__ctor__":[{"__symbolic":"constructor","parameters":[{"__symbolic":"reference","module":"@angular/core","name":"ElementRef"},{"__symbolic":"reference","module":"../dom/domhandler","name":"DomHandler"},{"__symbolic":"reference","module":"@angular/core","name":"Renderer2"}]}],"ngAfterViewInit":[{"__symbolic":"method"}],"toggle":[{"__symbolic":"method"}],"show":[{"__symbolic":"method"}],"hide":[{"__symbolic":"method"}],"unbindDocumentClickListener":[{"__symbolic":"method"}],"bindDocumentClickListener":[{"__symbolic":"method"}],"ngOnDestroy":[{"__symbolic":"method"}]}},"TieredMenuModule":{"__symbolic":"class","decorators":[{"__symbolic":"call","expression":{"__symbolic":"reference","module":"@angular/core","name":"NgModule"},"arguments":[{"imports":[{"__symbolic":"reference","module":"@angular/common","name":"CommonModule"},{"__symbolic":"reference","module":"@angular/router","name":"RouterModule"}],"exports":[{"__symbolic":"reference","name":"TieredMenu"},{"__symbolic":"reference","module":"@angular/router","name":"RouterModule"}],"declarations":[{"__symbolic":"reference","name":"TieredMenu"},{"__symbolic":"reference","name":"TieredMenuSub"}]}]}]}}}]