[{"__symbolic":"module","version":3,"metadata":{"AUTOCOMPLETE_VALUE_ACCESSOR":{"provide":{"__symbolic":"reference","module":"@angular/forms","name":"NG_VALUE_ACCESSOR"},"useExisting":{"__symbolic":"reference","name":"AutoComplete"},"multi":true},"AutoComplete":{"__symbolic":"class","decorators":[{"__symbolic":"call","expression":{"__symbolic":"reference","module":"@angular/core","name":"Component"},"arguments":[{"selector":"p-autoComplete","template":"\n        <span [ngClass]=\"{'ui-autocomplete ui-widget':true,'ui-autocomplete-dd':dropdown,'ui-autocomplete-multiple':multiple}\" [ngStyle]=\"style\" [class]=\"styleClass\">\n            <input *ngIf=\"!multiple\" #in [attr.type]=\"type\" [attr.id]=\"inputId\" [ngStyle]=\"inputStyle\" [class]=\"inputStyleClass\" autocomplete=\"off\" [attr.required]=\"required\"\n            [ngClass]=\"'ui-inputtext ui-widget ui-state-default ui-corner-all ui-autocomplete-input'\" [value]=\"inputFieldValue\"\n            (click)=\"onInputClick($event)\" (input)=\"onInput($event)\" (keydown)=\"onKeydown($event)\" (keyup)=\"onKeyup($event)\" (focus)=\"onInputFocus($event)\" (blur)=\"onInputBlur($event)\"\n            [attr.placeholder]=\"placeholder\" [attr.size]=\"size\" [attr.maxlength]=\"maxlength\" [attr.tabindex]=\"tabindex\" [readonly]=\"readonly\" [disabled]=\"disabled\"\n            ><ul *ngIf=\"multiple\" #multiContainer class=\"ui-autocomplete-multiple-container ui-widget ui-inputtext ui-state-default ui-corner-all\" [ngClass]=\"{'ui-state-disabled':disabled,'ui-state-focus':focus}\" (click)=\"multiIn.focus()\">\n                <li #token *ngFor=\"let val of value\" class=\"ui-autocomplete-token ui-state-highlight ui-corner-all\">\n                    <span class=\"ui-autocomplete-token-icon fa fa-fw fa-close\" (click)=\"removeItem(token)\" *ngIf=\"!disabled\"></span>\n                    <span *ngIf=\"!selectedItemTemplate\" class=\"ui-autocomplete-token-label\">{{field ? val[field] : val}}</span>\n                    <ng-template *ngIf=\"selectedItemTemplate\" [pTemplateWrapper]=\"selectedItemTemplate\" [item]=\"val\"></ng-template>\n                </li>\n                <li class=\"ui-autocomplete-input-token\">\n                    <input #multiIn [attr.type]=\"type\" [attr.id]=\"inputId\" [disabled]=\"disabled\" [attr.placeholder]=\"(value&&value.length ? null : placeholder)\" [attr.tabindex]=\"tabindex\" (input)=\"onInput($event)\"  (click)=\"onInputClick($event)\"\n                            (keydown)=\"onKeydown($event)\" (keyup)=\"onKeyup($event)\" (focus)=\"onInputFocus($event)\" (blur)=\"onInputBlur($event)\" autocomplete=\"off\" [ngStyle]=\"inputStyle\" [class]=\"inputStyleClass\">\n                </li>\n            </ul\n            ><i *ngIf=\"loading\" class=\"ui-autocomplete-loader fa fa-circle-o-notch fa-spin fa-fw\"></i><button type=\"button\" pButton icon=\"fa-fw fa-caret-down\" class=\"ui-autocomplete-dropdown\" [disabled]=\"disabled\"\n                (click)=\"handleDropdownClick($event)\" *ngIf=\"dropdown\"></button>\n            <div #panel class=\"ui-autocomplete-panel ui-widget-content ui-corner-all ui-shadow\" [style.display]=\"panelVisible ? 'block' : 'none'\" [style.width]=\"appendTo ? 'auto' : '100%'\" [style.max-height]=\"scrollHeight\">\n                <ul class=\"ui-autocomplete-items ui-autocomplete-list ui-widget-content ui-widget ui-corner-all ui-helper-reset\" *ngIf=\"panelVisible\">\n                    <li *ngFor=\"let option of suggestions; let idx = index\" [ngClass]=\"{'ui-autocomplete-list-item ui-corner-all':true,'ui-state-highlight':(highlightOption==option)}\"\n                        (mouseenter)=\"highlightOption=option\" (mouseleave)=\"highlightOption=null\" (click)=\"selectItem(option)\">\n                        <span *ngIf=\"!itemTemplate\">{{field ? option[field] : option}}</span>\n                        <ng-template *ngIf=\"itemTemplate\" [pTemplateWrapper]=\"itemTemplate\" [item]=\"option\" [index]=\"idx\"></ng-template>\n                    </li>\n                    <li *ngIf=\"noResults && emptyMessage\" class=\"ui-autocomplete-list-item ui-corner-all\">{{emptyMessage}}</li>\n                </ul>\n            </div>\n        </span>\n    ","host":{"[class.ui-inputwrapper-filled]":"filled","[class.ui-inputwrapper-focus]":"focus","$quoted$":["[class.ui-inputwrapper-filled]","[class.ui-inputwrapper-focus]"]},"providers":[{"__symbolic":"reference","module":"../dom/domhandler","name":"DomHandler"},{"__symbolic":"reference","module":"../utils/objectutils","name":"ObjectUtils"},{"__symbolic":"reference","name":"AUTOCOMPLETE_VALUE_ACCESSOR"}]}]}],"members":{"minLength":[{"__symbolic":"property","decorators":[{"__symbolic":"call","expression":{"__symbolic":"reference","module":"@angular/core","name":"Input"}}]}],"delay":[{"__symbolic":"property","decorators":[{"__symbolic":"call","expression":{"__symbolic":"reference","module":"@angular/core","name":"Input"}}]}],"style":[{"__symbolic":"property","decorators":[{"__symbolic":"call","expression":{"__symbolic":"reference","module":"@angular/core","name":"Input"}}]}],"styleClass":[{"__symbolic":"property","decorators":[{"__symbolic":"call","expression":{"__symbolic":"reference","module":"@angular/core","name":"Input"}}]}],"inputStyle":[{"__symbolic":"property","decorators":[{"__symbolic":"call","expression":{"__symbolic":"reference","module":"@angular/core","name":"Input"}}]}],"inputId":[{"__symbolic":"property","decorators":[{"__symbolic":"call","expression":{"__symbolic":"reference","module":"@angular/core","name":"Input"}}]}],"inputStyleClass":[{"__symbolic":"property","decorators":[{"__symbolic":"call","expression":{"__symbolic":"reference","module":"@angular/core","name":"Input"}}]}],"placeholder":[{"__symbolic":"property","decorators":[{"__symbolic":"call","expression":{"__symbolic":"reference","module":"@angular/core","name":"Input"}}]}],"readonly":[{"__symbolic":"property","decorators":[{"__symbolic":"call","expression":{"__symbolic":"reference","module":"@angular/core","name":"Input"}}]}],"disabled":[{"__symbolic":"property","decorators":[{"__symbolic":"call","expression":{"__symbolic":"reference","module":"@angular/core","name":"Input"}}]}],"maxlength":[{"__symbolic":"property","decorators":[{"__symbolic":"call","expression":{"__symbolic":"reference","module":"@angular/core","name":"Input"}}]}],"required":[{"__symbolic":"property","decorators":[{"__symbolic":"call","expression":{"__symbolic":"reference","module":"@angular/core","name":"Input"}}]}],"size":[{"__symbolic":"property","decorators":[{"__symbolic":"call","expression":{"__symbolic":"reference","module":"@angular/core","name":"Input"}}]}],"appendTo":[{"__symbolic":"property","decorators":[{"__symbolic":"call","expression":{"__symbolic":"reference","module":"@angular/core","name":"Input"}}]}],"autoHighlight":[{"__symbolic":"property","decorators":[{"__symbolic":"call","expression":{"__symbolic":"reference","module":"@angular/core","name":"Input"}}]}],"forceSelection":[{"__symbolic":"property","decorators":[{"__symbolic":"call","expression":{"__symbolic":"reference","module":"@angular/core","name":"Input"}}]}],"type":[{"__symbolic":"property","decorators":[{"__symbolic":"call","expression":{"__symbolic":"reference","module":"@angular/core","name":"Input"}}]}],"completeMethod":[{"__symbolic":"property","decorators":[{"__symbolic":"call","expression":{"__symbolic":"reference","module":"@angular/core","name":"Output"}}]}],"onSelect":[{"__symbolic":"property","decorators":[{"__symbolic":"call","expression":{"__symbolic":"reference","module":"@angular/core","name":"Output"}}]}],"onUnselect":[{"__symbolic":"property","decorators":[{"__symbolic":"call","expression":{"__symbolic":"reference","module":"@angular/core","name":"Output"}}]}],"onFocus":[{"__symbolic":"property","decorators":[{"__symbolic":"call","expression":{"__symbolic":"reference","module":"@angular/core","name":"Output"}}]}],"onBlur":[{"__symbolic":"property","decorators":[{"__symbolic":"call","expression":{"__symbolic":"reference","module":"@angular/core","name":"Output"}}]}],"onDropdownClick":[{"__symbolic":"property","decorators":[{"__symbolic":"call","expression":{"__symbolic":"reference","module":"@angular/core","name":"Output"}}]}],"onClear":[{"__symbolic":"property","decorators":[{"__symbolic":"call","expression":{"__symbolic":"reference","module":"@angular/core","name":"Output"}}]}],"onKeyUp":[{"__symbolic":"property","decorators":[{"__symbolic":"call","expression":{"__symbolic":"reference","module":"@angular/core","name":"Output"}}]}],"field":[{"__symbolic":"property","decorators":[{"__symbolic":"call","expression":{"__symbolic":"reference","module":"@angular/core","name":"Input"}}]}],"scrollHeight":[{"__symbolic":"property","decorators":[{"__symbolic":"call","expression":{"__symbolic":"reference","module":"@angular/core","name":"Input"}}]}],"dropdown":[{"__symbolic":"property","decorators":[{"__symbolic":"call","expression":{"__symbolic":"reference","module":"@angular/core","name":"Input"}}]}],"dropdownMode":[{"__symbolic":"property","decorators":[{"__symbolic":"call","expression":{"__symbolic":"reference","module":"@angular/core","name":"Input"}}]}],"multiple":[{"__symbolic":"property","decorators":[{"__symbolic":"call","expression":{"__symbolic":"reference","module":"@angular/core","name":"Input"}}]}],"tabindex":[{"__symbolic":"property","decorators":[{"__symbolic":"call","expression":{"__symbolic":"reference","module":"@angular/core","name":"Input"}}]}],"dataKey":[{"__symbolic":"property","decorators":[{"__symbolic":"call","expression":{"__symbolic":"reference","module":"@angular/core","name":"Input"}}]}],"emptyMessage":[{"__symbolic":"property","decorators":[{"__symbolic":"call","expression":{"__symbolic":"reference","module":"@angular/core","name":"Input"}}]}],"immutable":[{"__symbolic":"property","decorators":[{"__symbolic":"call","expression":{"__symbolic":"reference","module":"@angular/core","name":"Input"}}]}],"inputEL":[{"__symbolic":"property","decorators":[{"__symbolic":"call","expression":{"__symbolic":"reference","module":"@angular/core","name":"ViewChild"},"arguments":["in"]}]}],"multiInputEL":[{"__symbolic":"property","decorators":[{"__symbolic":"call","expression":{"__symbolic":"reference","module":"@angular/core","name":"ViewChild"},"arguments":["multiIn"]}]}],"panelEL":[{"__symbolic":"property","decorators":[{"__symbolic":"call","expression":{"__symbolic":"reference","module":"@angular/core","name":"ViewChild"},"arguments":["panel"]}]}],"multiContainerEL":[{"__symbolic":"property","decorators":[{"__symbolic":"call","expression":{"__symbolic":"reference","module":"@angular/core","name":"ViewChild"},"arguments":["multiContainer"]}]}],"templates":[{"__symbolic":"property","decorators":[{"__symbolic":"call","expression":{"__symbolic":"reference","module":"@angular/core","name":"ContentChildren"},"arguments":[{"__symbolic":"reference","module":"../common/shared","name":"PrimeTemplate"}]}]}],"__ctor__":[{"__symbolic":"constructor","parameters":[{"__symbolic":"reference","module":"@angular/core","name":"ElementRef"},{"__symbolic":"reference","module":"../dom/domhandler","name":"DomHandler"},{"__symbolic":"reference","module":"@angular/core","name":"Renderer2"},{"__symbolic":"reference","module":"../utils/objectutils","name":"ObjectUtils"},{"__symbolic":"reference","module":"@angular/core","name":"ChangeDetectorRef"},{"__symbolic":"reference","module":"@angular/core","name":"IterableDiffers"}]}],"suggestions":[{"__symbolic":"property","decorators":[{"__symbolic":"call","expression":{"__symbolic":"reference","module":"@angular/core","name":"Input"}}]}],"ngDoCheck":[{"__symbolic":"method"}],"handleSuggestionsChange":[{"__symbolic":"method"}],"ngAfterContentInit":[{"__symbolic":"method"}],"ngAfterViewInit":[{"__symbolic":"method"}],"ngAfterViewChecked":[{"__symbolic":"method"}],"writeValue":[{"__symbolic":"method"}],"registerOnChange":[{"__symbolic":"method"}],"registerOnTouched":[{"__symbolic":"method"}],"setDisabledState":[{"__symbolic":"method"}],"onInput":[{"__symbolic":"method"}],"onInputClick":[{"__symbolic":"method"}],"search":[{"__symbolic":"method"}],"selectItem":[{"__symbolic":"method"}],"show":[{"__symbolic":"method"}],"align":[{"__symbolic":"method"}],"hide":[{"__symbolic":"method"}],"handleDropdownClick":[{"__symbolic":"method"}],"focusInput":[{"__symbolic":"method"}],"removeItem":[{"__symbolic":"method"}],"onKeydown":[{"__symbolic":"method"}],"onKeyup":[{"__symbolic":"method"}],"onInputFocus":[{"__symbolic":"method"}],"onInputBlur":[{"__symbolic":"method"}],"isSelected":[{"__symbolic":"method"}],"findOptionIndex":[{"__symbolic":"method"}],"updateFilledState":[{"__symbolic":"method"}],"updateInputField":[{"__symbolic":"method"}],"bindDocumentClickListener":[{"__symbolic":"method"}],"isDropdownClick":[{"__symbolic":"method"}],"unbindDocumentClickListener":[{"__symbolic":"method"}],"ngOnDestroy":[{"__symbolic":"method"}]}},"AutoCompleteModule":{"__symbolic":"class","decorators":[{"__symbolic":"call","expression":{"__symbolic":"reference","module":"@angular/core","name":"NgModule"},"arguments":[{"imports":[{"__symbolic":"reference","module":"@angular/common","name":"CommonModule"},{"__symbolic":"reference","module":"../inputtext/inputtext","name":"InputTextModule"},{"__symbolic":"reference","module":"../button/button","name":"ButtonModule"},{"__symbolic":"reference","module":"../common/shared","name":"SharedModule"}],"exports":[{"__symbolic":"reference","name":"AutoComplete"},{"__symbolic":"reference","module":"../common/shared","name":"SharedModule"}],"declarations":[{"__symbolic":"reference","name":"AutoComplete"}]}]}]}}},{"__symbolic":"module","version":1,"metadata":{"AUTOCOMPLETE_VALUE_ACCESSOR":{"provide":{"__symbolic":"reference","module":"@angular/forms","name":"NG_VALUE_ACCESSOR"},"useExisting":{"__symbolic":"reference","name":"AutoComplete"},"multi":true},"AutoComplete":{"__symbolic":"class","decorators":[{"__symbolic":"call","expression":{"__symbolic":"reference","module":"@angular/core","name":"Component"},"arguments":[{"selector":"p-autoComplete","template":"\n        <span [ngClass]=\"{'ui-autocomplete ui-widget':true,'ui-autocomplete-dd':dropdown,'ui-autocomplete-multiple':multiple}\" [ngStyle]=\"style\" [class]=\"styleClass\">\n            <input *ngIf=\"!multiple\" #in [attr.type]=\"type\" [attr.id]=\"inputId\" [ngStyle]=\"inputStyle\" [class]=\"inputStyleClass\" autocomplete=\"off\" [attr.required]=\"required\"\n            [ngClass]=\"'ui-inputtext ui-widget ui-state-default ui-corner-all ui-autocomplete-input'\" [value]=\"inputFieldValue\"\n            (click)=\"onInputClick($event)\" (input)=\"onInput($event)\" (keydown)=\"onKeydown($event)\" (keyup)=\"onKeyup($event)\" (focus)=\"onInputFocus($event)\" (blur)=\"onInputBlur($event)\"\n            [attr.placeholder]=\"placeholder\" [attr.size]=\"size\" [attr.maxlength]=\"maxlength\" [attr.tabindex]=\"tabindex\" [readonly]=\"readonly\" [disabled]=\"disabled\"\n            ><ul *ngIf=\"multiple\" #multiContainer class=\"ui-autocomplete-multiple-container ui-widget ui-inputtext ui-state-default ui-corner-all\" [ngClass]=\"{'ui-state-disabled':disabled,'ui-state-focus':focus}\" (click)=\"multiIn.focus()\">\n                <li #token *ngFor=\"let val of value\" class=\"ui-autocomplete-token ui-state-highlight ui-corner-all\">\n                    <span class=\"ui-autocomplete-token-icon fa fa-fw fa-close\" (click)=\"removeItem(token)\" *ngIf=\"!disabled\"></span>\n                    <span *ngIf=\"!selectedItemTemplate\" class=\"ui-autocomplete-token-label\">{{field ? val[field] : val}}</span>\n                    <ng-template *ngIf=\"selectedItemTemplate\" [pTemplateWrapper]=\"selectedItemTemplate\" [item]=\"val\"></ng-template>\n                </li>\n                <li class=\"ui-autocomplete-input-token\">\n                    <input #multiIn [attr.type]=\"type\" [attr.id]=\"inputId\" [disabled]=\"disabled\" [attr.placeholder]=\"(value&&value.length ? null : placeholder)\" [attr.tabindex]=\"tabindex\" (input)=\"onInput($event)\"  (click)=\"onInputClick($event)\"\n                            (keydown)=\"onKeydown($event)\" (keyup)=\"onKeyup($event)\" (focus)=\"onInputFocus($event)\" (blur)=\"onInputBlur($event)\" autocomplete=\"off\" [ngStyle]=\"inputStyle\" [class]=\"inputStyleClass\">\n                </li>\n            </ul\n            ><i *ngIf=\"loading\" class=\"ui-autocomplete-loader fa fa-circle-o-notch fa-spin fa-fw\"></i><button type=\"button\" pButton icon=\"fa-fw fa-caret-down\" class=\"ui-autocomplete-dropdown\" [disabled]=\"disabled\"\n                (click)=\"handleDropdownClick($event)\" *ngIf=\"dropdown\"></button>\n            <div #panel class=\"ui-autocomplete-panel ui-widget-content ui-corner-all ui-shadow\" [style.display]=\"panelVisible ? 'block' : 'none'\" [style.width]=\"appendTo ? 'auto' : '100%'\" [style.max-height]=\"scrollHeight\">\n                <ul class=\"ui-autocomplete-items ui-autocomplete-list ui-widget-content ui-widget ui-corner-all ui-helper-reset\" *ngIf=\"panelVisible\">\n                    <li *ngFor=\"let option of suggestions; let idx = index\" [ngClass]=\"{'ui-autocomplete-list-item ui-corner-all':true,'ui-state-highlight':(highlightOption==option)}\"\n                        (mouseenter)=\"highlightOption=option\" (mouseleave)=\"highlightOption=null\" (click)=\"selectItem(option)\">\n                        <span *ngIf=\"!itemTemplate\">{{field ? option[field] : option}}</span>\n                        <ng-template *ngIf=\"itemTemplate\" [pTemplateWrapper]=\"itemTemplate\" [item]=\"option\" [index]=\"idx\"></ng-template>\n                    </li>\n                    <li *ngIf=\"noResults && emptyMessage\" class=\"ui-autocomplete-list-item ui-corner-all\">{{emptyMessage}}</li>\n                </ul>\n            </div>\n        </span>\n    ","host":{"[class.ui-inputwrapper-filled]":"filled","[class.ui-inputwrapper-focus]":"focus"},"providers":[{"__symbolic":"reference","module":"../dom/domhandler","name":"DomHandler"},{"__symbolic":"reference","module":"../utils/objectutils","name":"ObjectUtils"},{"__symbolic":"reference","name":"AUTOCOMPLETE_VALUE_ACCESSOR"}]}]}],"members":{"minLength":[{"__symbolic":"property","decorators":[{"__symbolic":"call","expression":{"__symbolic":"reference","module":"@angular/core","name":"Input"}}]}],"delay":[{"__symbolic":"property","decorators":[{"__symbolic":"call","expression":{"__symbolic":"reference","module":"@angular/core","name":"Input"}}]}],"style":[{"__symbolic":"property","decorators":[{"__symbolic":"call","expression":{"__symbolic":"reference","module":"@angular/core","name":"Input"}}]}],"styleClass":[{"__symbolic":"property","decorators":[{"__symbolic":"call","expression":{"__symbolic":"reference","module":"@angular/core","name":"Input"}}]}],"inputStyle":[{"__symbolic":"property","decorators":[{"__symbolic":"call","expression":{"__symbolic":"reference","module":"@angular/core","name":"Input"}}]}],"inputId":[{"__symbolic":"property","decorators":[{"__symbolic":"call","expression":{"__symbolic":"reference","module":"@angular/core","name":"Input"}}]}],"inputStyleClass":[{"__symbolic":"property","decorators":[{"__symbolic":"call","expression":{"__symbolic":"reference","module":"@angular/core","name":"Input"}}]}],"placeholder":[{"__symbolic":"property","decorators":[{"__symbolic":"call","expression":{"__symbolic":"reference","module":"@angular/core","name":"Input"}}]}],"readonly":[{"__symbolic":"property","decorators":[{"__symbolic":"call","expression":{"__symbolic":"reference","module":"@angular/core","name":"Input"}}]}],"disabled":[{"__symbolic":"property","decorators":[{"__symbolic":"call","expression":{"__symbolic":"reference","module":"@angular/core","name":"Input"}}]}],"maxlength":[{"__symbolic":"property","decorators":[{"__symbolic":"call","expression":{"__symbolic":"reference","module":"@angular/core","name":"Input"}}]}],"required":[{"__symbolic":"property","decorators":[{"__symbolic":"call","expression":{"__symbolic":"reference","module":"@angular/core","name":"Input"}}]}],"size":[{"__symbolic":"property","decorators":[{"__symbolic":"call","expression":{"__symbolic":"reference","module":"@angular/core","name":"Input"}}]}],"appendTo":[{"__symbolic":"property","decorators":[{"__symbolic":"call","expression":{"__symbolic":"reference","module":"@angular/core","name":"Input"}}]}],"autoHighlight":[{"__symbolic":"property","decorators":[{"__symbolic":"call","expression":{"__symbolic":"reference","module":"@angular/core","name":"Input"}}]}],"forceSelection":[{"__symbolic":"property","decorators":[{"__symbolic":"call","expression":{"__symbolic":"reference","module":"@angular/core","name":"Input"}}]}],"type":[{"__symbolic":"property","decorators":[{"__symbolic":"call","expression":{"__symbolic":"reference","module":"@angular/core","name":"Input"}}]}],"completeMethod":[{"__symbolic":"property","decorators":[{"__symbolic":"call","expression":{"__symbolic":"reference","module":"@angular/core","name":"Output"}}]}],"onSelect":[{"__symbolic":"property","decorators":[{"__symbolic":"call","expression":{"__symbolic":"reference","module":"@angular/core","name":"Output"}}]}],"onUnselect":[{"__symbolic":"property","decorators":[{"__symbolic":"call","expression":{"__symbolic":"reference","module":"@angular/core","name":"Output"}}]}],"onFocus":[{"__symbolic":"property","decorators":[{"__symbolic":"call","expression":{"__symbolic":"reference","module":"@angular/core","name":"Output"}}]}],"onBlur":[{"__symbolic":"property","decorators":[{"__symbolic":"call","expression":{"__symbolic":"reference","module":"@angular/core","name":"Output"}}]}],"onDropdownClick":[{"__symbolic":"property","decorators":[{"__symbolic":"call","expression":{"__symbolic":"reference","module":"@angular/core","name":"Output"}}]}],"onClear":[{"__symbolic":"property","decorators":[{"__symbolic":"call","expression":{"__symbolic":"reference","module":"@angular/core","name":"Output"}}]}],"onKeyUp":[{"__symbolic":"property","decorators":[{"__symbolic":"call","expression":{"__symbolic":"reference","module":"@angular/core","name":"Output"}}]}],"field":[{"__symbolic":"property","decorators":[{"__symbolic":"call","expression":{"__symbolic":"reference","module":"@angular/core","name":"Input"}}]}],"scrollHeight":[{"__symbolic":"property","decorators":[{"__symbolic":"call","expression":{"__symbolic":"reference","module":"@angular/core","name":"Input"}}]}],"dropdown":[{"__symbolic":"property","decorators":[{"__symbolic":"call","expression":{"__symbolic":"reference","module":"@angular/core","name":"Input"}}]}],"dropdownMode":[{"__symbolic":"property","decorators":[{"__symbolic":"call","expression":{"__symbolic":"reference","module":"@angular/core","name":"Input"}}]}],"multiple":[{"__symbolic":"property","decorators":[{"__symbolic":"call","expression":{"__symbolic":"reference","module":"@angular/core","name":"Input"}}]}],"tabindex":[{"__symbolic":"property","decorators":[{"__symbolic":"call","expression":{"__symbolic":"reference","module":"@angular/core","name":"Input"}}]}],"dataKey":[{"__symbolic":"property","decorators":[{"__symbolic":"call","expression":{"__symbolic":"reference","module":"@angular/core","name":"Input"}}]}],"emptyMessage":[{"__symbolic":"property","decorators":[{"__symbolic":"call","expression":{"__symbolic":"reference","module":"@angular/core","name":"Input"}}]}],"immutable":[{"__symbolic":"property","decorators":[{"__symbolic":"call","expression":{"__symbolic":"reference","module":"@angular/core","name":"Input"}}]}],"inputEL":[{"__symbolic":"property","decorators":[{"__symbolic":"call","expression":{"__symbolic":"reference","module":"@angular/core","name":"ViewChild"},"arguments":["in"]}]}],"multiInputEL":[{"__symbolic":"property","decorators":[{"__symbolic":"call","expression":{"__symbolic":"reference","module":"@angular/core","name":"ViewChild"},"arguments":["multiIn"]}]}],"panelEL":[{"__symbolic":"property","decorators":[{"__symbolic":"call","expression":{"__symbolic":"reference","module":"@angular/core","name":"ViewChild"},"arguments":["panel"]}]}],"multiContainerEL":[{"__symbolic":"property","decorators":[{"__symbolic":"call","expression":{"__symbolic":"reference","module":"@angular/core","name":"ViewChild"},"arguments":["multiContainer"]}]}],"templates":[{"__symbolic":"property","decorators":[{"__symbolic":"call","expression":{"__symbolic":"reference","module":"@angular/core","name":"ContentChildren"},"arguments":[{"__symbolic":"reference","module":"../common/shared","name":"PrimeTemplate"}]}]}],"__ctor__":[{"__symbolic":"constructor","parameters":[{"__symbolic":"reference","module":"@angular/core","name":"ElementRef"},{"__symbolic":"reference","module":"../dom/domhandler","name":"DomHandler"},{"__symbolic":"reference","module":"@angular/core","name":"Renderer2"},{"__symbolic":"reference","module":"../utils/objectutils","name":"ObjectUtils"},{"__symbolic":"reference","module":"@angular/core","name":"ChangeDetectorRef"},{"__symbolic":"reference","module":"@angular/core","name":"IterableDiffers"}]}],"suggestions":[{"__symbolic":"property","decorators":[{"__symbolic":"call","expression":{"__symbolic":"reference","module":"@angular/core","name":"Input"}}]}],"ngDoCheck":[{"__symbolic":"method"}],"handleSuggestionsChange":[{"__symbolic":"method"}],"ngAfterContentInit":[{"__symbolic":"method"}],"ngAfterViewInit":[{"__symbolic":"method"}],"ngAfterViewChecked":[{"__symbolic":"method"}],"writeValue":[{"__symbolic":"method"}],"registerOnChange":[{"__symbolic":"method"}],"registerOnTouched":[{"__symbolic":"method"}],"setDisabledState":[{"__symbolic":"method"}],"onInput":[{"__symbolic":"method"}],"onInputClick":[{"__symbolic":"method"}],"search":[{"__symbolic":"method"}],"selectItem":[{"__symbolic":"method"}],"show":[{"__symbolic":"method"}],"align":[{"__symbolic":"method"}],"hide":[{"__symbolic":"method"}],"handleDropdownClick":[{"__symbolic":"method"}],"focusInput":[{"__symbolic":"method"}],"removeItem":[{"__symbolic":"method"}],"onKeydown":[{"__symbolic":"method"}],"onKeyup":[{"__symbolic":"method"}],"onInputFocus":[{"__symbolic":"method"}],"onInputBlur":[{"__symbolic":"method"}],"isSelected":[{"__symbolic":"method"}],"findOptionIndex":[{"__symbolic":"method"}],"updateFilledState":[{"__symbolic":"method"}],"updateInputField":[{"__symbolic":"method"}],"bindDocumentClickListener":[{"__symbolic":"method"}],"isDropdownClick":[{"__symbolic":"method"}],"unbindDocumentClickListener":[{"__symbolic":"method"}],"ngOnDestroy":[{"__symbolic":"method"}]}},"AutoCompleteModule":{"__symbolic":"class","decorators":[{"__symbolic":"call","expression":{"__symbolic":"reference","module":"@angular/core","name":"NgModule"},"arguments":[{"imports":[{"__symbolic":"reference","module":"@angular/common","name":"CommonModule"},{"__symbolic":"reference","module":"../inputtext/inputtext","name":"InputTextModule"},{"__symbolic":"reference","module":"../button/button","name":"ButtonModule"},{"__symbolic":"reference","module":"../common/shared","name":"SharedModule"}],"exports":[{"__symbolic":"reference","name":"AutoComplete"},{"__symbolic":"reference","module":"../common/shared","name":"SharedModule"}],"declarations":[{"__symbolic":"reference","name":"AutoComplete"}]}]}]}}}]