[{"__symbolic":"module","version":3,"metadata":{"ObjectUtils":{"__symbolic":"class","decorators":[{"__symbolic":"call","expression":{"__symbolic":"reference","module":"@angular/core","name":"Injectable"}}],"members":{"equals":[{"__symbolic":"method"}],"equalsByValue":[{"__symbolic":"method"}],"resolveFieldData":[{"__symbolic":"method"}],"filter":[{"__symbolic":"method"}],"reorderArray":[{"__symbolic":"method"}],"generateSelectItems":[{"__symbolic":"method"}]}}}},{"__symbolic":"module","version":1,"metadata":{"ObjectUtils":{"__symbolic":"class","decorators":[{"__symbolic":"call","expression":{"__symbolic":"reference","module":"@angular/core","name":"Injectable"}}],"members":{"equals":[{"__symbolic":"method"}],"equalsByValue":[{"__symbolic":"method"}],"resolveFieldData":[{"__symbolic":"method"}],"filter":[{"__symbolic":"method"}],"reorderArray":[{"__symbolic":"method"}],"generateSelectItems":[{"__symbolic":"method"}]}}}}]