[{"__symbolic":"module","version":3,"metadata":{"UIMessage":{"__symbolic":"class","decorators":[{"__symbolic":"call","expression":{"__symbolic":"reference","module":"@angular/core","name":"Component"},"arguments":[{"selector":"p-message","template":"\n        <div aria-live=\"polite\" class=\"ui-message ui-widget ui-corner-all\" *ngIf=\"severity\"\n        [ngClass]=\"{'ui-messages-info': (severity === 'info'),\n                'ui-messages-warn': (severity === 'warn'),\n                'ui-messages-error': (severity === 'error'),\n                'ui-messages-success': (severity === 'success')}\">\n            <span class=\"ui-message-icon\" [ngClass]=\"icon\"></span>\n            <span class=\"ui-message-text\">{{text}}</span>\n        </div>\n    "}]}],"members":{"severity":[{"__symbolic":"property","decorators":[{"__symbolic":"call","expression":{"__symbolic":"reference","module":"@angular/core","name":"Input"}}]}],"text":[{"__symbolic":"property","decorators":[{"__symbolic":"call","expression":{"__symbolic":"reference","module":"@angular/core","name":"Input"}}]}]}},"MessageModule":{"__symbolic":"class","decorators":[{"__symbolic":"call","expression":{"__symbolic":"reference","module":"@angular/core","name":"NgModule"},"arguments":[{"imports":[{"__symbolic":"reference","module":"@angular/common","name":"CommonModule"}],"exports":[{"__symbolic":"reference","name":"UIMessage"}],"declarations":[{"__symbolic":"reference","name":"UIMessage"}]}]}]}}},{"__symbolic":"module","version":1,"metadata":{"UIMessage":{"__symbolic":"class","decorators":[{"__symbolic":"call","expression":{"__symbolic":"reference","module":"@angular/core","name":"Component"},"arguments":[{"selector":"p-message","template":"\n        <div aria-live=\"polite\" class=\"ui-message ui-widget ui-corner-all\" *ngIf=\"severity\"\n        [ngClass]=\"{'ui-messages-info': (severity === 'info'),\n                'ui-messages-warn': (severity === 'warn'),\n                'ui-messages-error': (severity === 'error'),\n                'ui-messages-success': (severity === 'success')}\">\n            <span class=\"ui-message-icon\" [ngClass]=\"icon\"></span>\n            <span class=\"ui-message-text\">{{text}}</span>\n        </div>\n    "}]}],"members":{"severity":[{"__symbolic":"property","decorators":[{"__symbolic":"call","expression":{"__symbolic":"reference","module":"@angular/core","name":"Input"}}]}],"text":[{"__symbolic":"property","decorators":[{"__symbolic":"call","expression":{"__symbolic":"reference","module":"@angular/core","name":"Input"}}]}]}},"MessageModule":{"__symbolic":"class","decorators":[{"__symbolic":"call","expression":{"__symbolic":"reference","module":"@angular/core","name":"NgModule"},"arguments":[{"imports":[{"__symbolic":"reference","module":"@angular/common","name":"CommonModule"}],"exports":[{"__symbolic":"reference","name":"UIMessage"}],"declarations":[{"__symbolic":"reference","name":"UIMessage"}]}]}]}}}]